a,AnnualIncome,Occupation,Ethnicity,Community,DonationAmount,Age,Gender,EducationLevel,MaritalStatus,NumberOfDependents,ResidenceLocation,EmploymentStatus,IndustryOfEmployment,PreviousDonations,DonationMotivation,VolunteerExperience,CommunityOrganizationMembership,DonationFrequency,PreferredDonationMethod,ContactPreference,FeedbackOnUseOfFundsPreference,AnonymityPreference,PoliticalAffiliation,
Donor_001,48201,Teacher,White,Suburban,363,35,Female,Bachelor's,Married,2,Rural,Retired,Business,Frequent,Peer Influence,Yes,Yes,Monthly,Online,Mail,No,No,Republican,
Donor_002,127431,Engineer,Other,Urban,4068,28,Other,Master's,Married,1,Urban,Retired,Business,None,Social Good,Yes,Yes,One-time,Online,Mail,No,No,None,
Donor_003,198128,Businessperson,Other,Suburban,4663,26,Male,Bachelor's,Divorced,3,Metropolitan,Self-Employed,Education,Regular,Tax Benefits,Yes,Yes,Annually,Check,Mail,Yes,Yes,None,
Donor_004,25194,Scientist,Asian,Rural,475,23,Male,Master's,Divorced,2,Suburban,Retired,Manufacturing,None,Personal Belief,No,No,One-time,Check,Phone,No,Yes,Independent,
Donor_005,191476,Writer,Asian,Urban,2776,39,Other,Master's,Single,4,Urban,Employed,Manufacturing,Regular,Tax Benefits,No,No,Monthly,Online,Mail,Yes,No,Republican,
Donor_006,77398,Engineer,Mixed,Rural,815,55,Other,High School,Divorced,1,Metropolitan,Employed,Healthcare,Occasional,Personal Belief,Yes,Yes,Annually,Cash,Email,Yes,Yes,None,
Donor_007,78093,Lawyer,Other,Rural,769,37,Other,High School,Divorced,0,Urban,Employed,Arts,None,Tax Benefits,Yes,No,Monthly,Cash,Email,Yes,Yes,None,
Donor_008,86625,Businessperson,Black,Rural,903,76,Male,Master's,Single,2,Urban,Employed,Business,Frequent,Personal Belief,No,Yes,One-time,Online,Phone,Yes,No,Democrat,
Donor_009,73235,Engineer,Black,Suburban,350,56,Male,Bachelor's,Widowed,2,Metropolitan,Employed,Arts,Regular,Social Good,Yes,Yes,Annually,Cash,Email,Yes,No,None,
Donor_010,94271,Teacher,Black,Suburban,800,38,Other,PhD,Widowed,4,Urban,Employed,Manufacturing,None,Social Good,Yes,No,One-time,Online,Mail,No,No,None,
Donor_011,28791,Lawyer,Mixed,Urban,621,46,Male,PhD,Married,4,Metropolitan,Retired,Arts,Frequent,Peer Influence,No,Yes,Annually,Check,Email,No,No,None,
Donor_012,176379,Doctor,Hispanic,Rural,4707,54,Other,PhD,Single,3,Urban,Self-Employed,Technology,Frequent,Tax Benefits,No,Yes,Monthly,Cash,Email,Yes,No,Independent,
Donor_013,83488,Teacher,Hispanic,Rural,981,64,Other,Bachelor's,Married,3,Suburban,Retired,Technology,Frequent,Tax Benefits,Yes,No,Annually,Cash,Phone,Yes,No,Republican,
Donor_014,69330,Scientist,Mixed,Urban,281,46,Male,PhD,Single,2,Metropolitan,Employed,Healthcare,Frequent,Personal Belief,Yes,Yes,One-time,Check,Mail,No,Yes,Republican,
Donor_015,100095,Doctor,Black,Suburban,4286,33,Male,Master's,Married,2,Suburban,Unemployed,Healthcare,Occasional,Peer Influence,No,No,One-time,Online,Email,Yes,No,Republican,
Donor_016,91332,Engineer,Asian,Rural,884,31,Female,Master's,Single,2,Suburban,Retired,Arts,Occasional,Tax Benefits,No,No,Monthly,Online,Email,No,Yes,Independent,
Donor_017,114960,Artist,Other,Urban,2817,68,Other,High School,Married,0,Urban,Retired,Manufacturing,Occasional,Social Good,No,Yes,One-time,Online,Phone,No,No,Independent,
Donor_018,186709,Writer,Hispanic,Urban,4074,51,Male,High School,Single,2,Suburban,Unemployed,Education,Regular,Peer Influence,Yes,Yes,Monthly,Check,Email,Yes,No,Republican,
Donor_019,38279,Engineer,Other,Rural,488,61,Female,PhD,Single,1,Metropolitan,Employed,Education,None,Peer Influence,Yes,Yes,One-time,Check,Mail,No,No,Democrat,
Donor_020,121799,Artist,Asian,Suburban,1924,55,Male,Master's,Single,4,Rural,Self-Employed,Manufacturing,None,Tax Benefits,Yes,No,Annually,Online,Email,No,No,Republican,
Donor_021,87913,Teacher,White,Suburban,966,39,Male,Master's,Divorced,0,Rural,Employed,Manufacturing,Frequent,Tax Benefits,Yes,Yes,Annually,Check,Email,Yes,No,Democrat,
Donor_022,77453,Engineer,Mixed,Rural,818,71,Male,PhD,Married,3,Urban,Self-Employed,Healthcare,Frequent,Tax Benefits,Yes,Yes,Annually,Cash,Phone,Yes,Yes,Republican,
Donor_023,88473,Teacher,Black,Suburban,862,32,Male,High School,Single,2,Rural,Self-Employed,Healthcare,Frequent,Personal Belief,No,No,Monthly,Cash,Mail,Yes,No,Democrat,
Donor_024,76673,Doctor,White,Urban,894,47,Male,PhD,Widowed,3,Suburban,Self-Employed,Healthcare,Frequent,Peer Influence,Yes,Yes,Annually,Online,Email,No,Yes,Democrat,
Donor_025,83022,Doctor,Other,Urban,955,40,Other,Master's,Widowed,0,Rural,Retired,Healthcare,Occasional,Peer Influence,Yes,Yes,One-time,Cash,Email,Yes,No,None,
Donor_026,87877,Engineer,Asian,Urban,838,26,Male,Master's,Single,3,Rural,Unemployed,Healthcare,None,Personal Belief,Yes,No,One-time,Online,Email,No,No,Independent,
Donor_027,142607,Doctor,Mixed,Rural,3151,65,Female,Bachelor's,Single,3,Rural,Unemployed,Business,Regular,Tax Benefits,Yes,Yes,Annually,Check,Email,No,Yes,Democrat,
Donor_028,25332,Lawyer,Asian,Urban,408,80,Other,Bachelor's,Single,2,Suburban,Employed,Healthcare,Occasional,Tax Benefits,Yes,Yes,Annually,Online,Phone,No,No,Independent,
Donor_029,143135,Lawyer,Mixed,Urban,1419,24,Other,High School,Widowed,1,Suburban,Self-Employed,Technology,None,Peer Influence,No,Yes,Annually,Check,Email,No,No,Independent,
Donor_030,198471,Scientist,Other,Suburban,2954,43,Other,PhD,Single,4,Metropolitan,Employed,Technology,None,Tax Benefits,Yes,No,Monthly,Online,Mail,Yes,No,Republican,
Donor_031,80697,Doctor,Asian,Urban,880,71,Male,High School,Single,0,Rural,Unemployed,Technology,Frequent,Social Good,No,Yes,Monthly,Check,Phone,No,Yes,Independent,
Donor_032,70657,Artist,Hispanic,Rural,474,25,Other,High School,Widowed,3,Metropolitan,Self-Employed,Healthcare,Regular,Social Good,No,No,One-time,Check,Email,Yes,Yes,Democrat,
Donor_033,66855,Doctor,Other,Urban,689,40,Female,PhD,Single,0,Rural,Employed,Arts,Frequent,Social Good,No,No,One-time,Check,Phone,No,Yes,Democrat,
Donor_034,123490,Scientist,Asian,Suburban,2148,40,Other,PhD,Divorced,4,Metropolitan,Retired,Education,Occasional,Social Good,No,No,Annually,Cash,Mail,No,Yes,Independent,
Donor_035,167149,Businessperson,Other,Urban,1134,40,Other,PhD,Single,3,Suburban,Unemployed,Healthcare,Regular,Peer Influence,No,Yes,Monthly,Check,Mail,Yes,No,None,
Donor_036,149480,Businessperson,Hispanic,Rural,3639,57,Other,PhD,Divorced,2,Urban,Self-Employed,Technology,Frequent,Social Good,No,Yes,Annually,Online,Email,Yes,Yes,Independent,
Donor_037,28809,Writer,White,Suburban,737,74,Male,Bachelor's,Divorced,3,Metropolitan,Employed,Healthcare,Regular,Personal Belief,No,No,One-time,Cash,Mail,No,Yes,None,
Donor_038,84569,Engineer,Hispanic,Suburban,825,66,Male,High School,Widowed,4,Urban,Employed,Arts,None,Tax Benefits,Yes,Yes,One-time,Check,Mail,Yes,Yes,Republican,
Donor_039,96787,Businessperson,White,Suburban,808,39,Female,PhD,Single,3,Rural,Self-Employed,Arts,None,Personal Belief,No,No,Monthly,Online,Email,No,Yes,Independent,
Donor_040,198091,Lawyer,Mixed,Urban,1714,52,Male,PhD,Married,2,Urban,Self-Employed,Technology,Regular,Tax Benefits,Yes,No,One-time,Check,Phone,No,No,Republican,
Donor_041,66225,Writer,Black,Suburban,348,70,Female,PhD,Married,0,Metropolitan,Retired,Business,Occasional,Peer Influence,No,No,Annually,Cash,Phone,Yes,No,Republican,
Donor_042,95595,Scientist,Other,Suburban,773,27,Female,Bachelor's,Single,4,Suburban,Unemployed,Healthcare,Frequent,Tax Benefits,No,Yes,Monthly,Cash,Mail,No,Yes,None,
Donor_043,59529,Businessperson,Black,Suburban,664,27,Male,PhD,Divorced,1,Urban,Employed,Technology,Regular,Personal Belief,No,Yes,Monthly,Online,Phone,No,No,Independent,
Donor_044,83253,Teacher,White,Rural,770,39,Other,PhD,Married,1,Metropolitan,Unemployed,Education,None,Peer Influence,No,Yes,Monthly,Check,Phone,No,Yes,Independent,
Donor_045,80227,Teacher,Other,Rural,916,52,Female,Master's,Divorced,4,Urban,Unemployed,Healthcare,Frequent,Peer Influence,No,No,Monthly,Online,Email,Yes,Yes,None,
Donor_046,92549,Artist,Hispanic,Urban,768,26,Male,Bachelor's,Married,1,Rural,Employed,Arts,None,Personal Belief,Yes,Yes,Annually,Check,Mail,Yes,No,Democrat,
Donor_047,161211,Artist,Black,Suburban,4486,60,Other,Bachelor's,Married,4,Metropolitan,Self-Employed,Technology,Regular,Peer Influence,No,Yes,One-time,Cash,Email,No,No,Independent,
Donor_048,117999,Writer,White,Rural,1241,27,Female,Bachelor's,Divorced,3,Urban,Retired,Manufacturing,Occasional,Personal Belief,Yes,No,One-time,Online,Phone,Yes,No,Independent,
Donor_049,99446,Lawyer,Hispanic,Suburban,808,33,Other,Master's,Divorced,3,Suburban,Employed,Business,Occasional,Personal Belief,No,No,Annually,Online,Email,No,Yes,None,
Donor_050,89754,Engineer,Mixed,Urban,886,59,Male,PhD,Married,2,Metropolitan,Self-Employed,Manufacturing,None,Peer Influence,No,Yes,Annually,Online,Mail,No,No,Independent,
Donor_051,98037,Engineer,Asian,Rural,782,62,Male,Bachelor's,Single,4,Suburban,Employed,Healthcare,Frequent,Social Good,No,Yes,Annually,Online,Email,Yes,No,Republican,
Donor_052,112273,Lawyer,Black,Suburban,2681,52,Male,High School,Married,2,Urban,Self-Employed,Technology,Frequent,Personal Belief,Yes,Yes,One-time,Online,Phone,Yes,No,Republican,
Donor_053,164653,Lawyer,Asian,Urban,4693,74,Other,Master's,Widowed,1,Suburban,Employed,Business,Frequent,Personal Belief,Yes,Yes,One-time,Online,Mail,No,No,Independent,
Donor_054,182086,Teacher,Asian,Urban,4302,55,Male,High School,Married,3,Metropolitan,Employed,Education,Regular,Personal Belief,Yes,Yes,One-time,Cash,Phone,Yes,No,Independent,
Donor_055,91931,Lawyer,Other,Rural,836,63,Other,Master's,Divorced,1,Suburban,Unemployed,Business,None,Peer Influence,No,Yes,Monthly,Online,Phone,No,No,Democrat,
Donor_056,85384,Writer,White,Suburban,771,53,Male,Master's,Single,0,Suburban,Employed,Healthcare,Frequent,Tax Benefits,Yes,No,One-time,Check,Phone,No,No,Democrat,
Donor_057,72474,Teacher,Asian,Suburban,412,75,Female,PhD,Widowed,3,Metropolitan,Retired,Arts,None,Tax Benefits,Yes,No,One-time,Cash,Email,No,Yes,Democrat,
Donor_058,131193,Teacher,Black,Urban,2370,73,Male,High School,Married,0,Urban,Employed,Education,Frequent,Personal Belief,No,No,Annually,Check,Email,No,No,Independent,
Donor_059,45246,Doctor,Mixed,Rural,575,78,Other,Master's,Single,1,Rural,Retired,Business,Occasional,Social Good,No,Yes,Monthly,Online,Email,Yes,Yes,Independent,
Donor_060,26177,Doctor,Mixed,Rural,454,49,Other,Bachelor's,Widowed,3,Metropolitan,Self-Employed,Technology,Regular,Social Good,Yes,Yes,Annually,Online,Mail,No,No,Independent,
Donor_061,86893,Teacher,Other,Rural,821,72,Other,Bachelor's,Widowed,4,Suburban,Self-Employed,Healthcare,Occasional,Personal Belief,Yes,Yes,One-time,Check,Mail,Yes,Yes,Democrat,
Donor_062,26276,Writer,Asian,Suburban,433,49,Male,Master's,Widowed,4,Suburban,Unemployed,Healthcare,None,Peer Influence,No,Yes,Annually,Check,Email,No,Yes,Independent,
Donor_063,72749,Teacher,Mixed,Rural,454,32,Male,High School,Single,1,Suburban,Unemployed,Technology,Regular,Personal Belief,No,Yes,Annually,Check,Mail,No,No,Independent,
Donor_064,167027,Scientist,Black,Urban,2089,80,Other,High School,Single,2,Metropolitan,Retired,Education,Frequent,Peer Influence,No,Yes,Monthly,Check,Phone,Yes,No,None,
Donor_065,30214,Businessperson,Mixed,Rural,404,24,Female,Bachelor's,Single,0,Suburban,Retired,Technology,Occasional,Social Good,No,No,Monthly,Check,Mail,Yes,Yes,None,
Donor_066,25204,Engineer,White,Rural,516,48,Male,Bachelor's,Single,2,Metropolitan,Employed,Arts,None,Tax Benefits,No,Yes,Monthly,Cash,Email,No,No,Independent,
Donor_067,79081,Artist,Asian,Suburban,763,69,Female,Master's,Single,1,Rural,Self-Employed,Business,Frequent,Peer Influence,No,No,Monthly,Online,Phone,Yes,No,Republican,
Donor_068,81008,Engineer,Black,Suburban,801,43,Female,PhD,Divorced,3,Urban,Unemployed,Business,None,Tax Benefits,No,Yes,Monthly,Check,Mail,Yes,No,Democrat,
Donor_069,25988,Scientist,White,Suburban,619,63,Other,Bachelor's,Married,3,Rural,Employed,Arts,Occasional,Social Good,Yes,Yes,Monthly,Check,Mail,Yes,No,Independent,
Donor_070,66997,Writer,White,Suburban,278,64,Male,PhD,Widowed,1,Metropolitan,Employed,Business,Frequent,Tax Benefits,No,Yes,One-time,Check,Phone,No,Yes,None,
Donor_071,42101,Doctor,Mixed,Suburban,322,79,Male,Bachelor's,Single,4,Suburban,Employed,Arts,Regular,Social Good,Yes,Yes,Annually,Cash,Phone,Yes,Yes,Democrat,
Donor_072,79458,Engineer,White,Urban,838,74,Female,Bachelor's,Divorced,3,Rural,Self-Employed,Manufacturing,None,Peer Influence,Yes,No,One-time,Cash,Email,Yes,No,Independent,
Donor_073,90363,Writer,Black,Urban,801,39,Other,Master's,Married,1,Rural,Unemployed,Technology,None,Tax Benefits,No,Yes,Annually,Online,Mail,Yes,Yes,Independent,
Donor_074,65310,Engineer,Black,Urban,603,76,Female,Bachelor's,Married,0,Urban,Retired,Arts,Occasional,Peer Influence,Yes,Yes,One-time,Check,Mail,No,No,Democrat,
Donor_075,56568,Scientist,Other,Suburban,379,57,Other,PhD,Divorced,0,Rural,Employed,Arts,Frequent,Personal Belief,Yes,No,One-time,Check,Email,No,Yes,Independent,
Donor_076,194837,Engineer,Asian,Suburban,1618,28,Male,High School,Single,3,Rural,Self-Employed,Arts,None,Social Good,Yes,Yes,One-time,Online,Phone,Yes,Yes,Republican,
Donor_077,80510,Businessperson,Black,Suburban,970,45,Male,Bachelor's,Single,2,Urban,Self-Employed,Education,Frequent,Tax Benefits,Yes,No,One-time,Online,Email,Yes,No,Democrat,
Donor_078,157513,Artist,Other,Rural,4778,70,Male,Bachelor's,Married,4,Urban,Unemployed,Healthcare,Frequent,Social Good,Yes,No,Monthly,Check,Email,Yes,No,None,
Donor_079,184461,Scientist,Black,Urban,1562,30,Female,High School,Widowed,0,Urban,Retired,Education,Occasional,Personal Belief,Yes,Yes,One-time,Check,Phone,No,Yes,Independent,
Donor_080,106876,Doctor,Mixed,Rural,1524,55,Female,Master's,Married,3,Rural,Retired,Healthcare,None,Peer Influence,No,No,One-time,Cash,Phone,Yes,No,Republican,
Donor_081,121769,Writer,Black,Urban,3911,59,Male,High School,Divorced,3,Metropolitan,Self-Employed,Education,Frequent,Social Good,No,No,Annually,Cash,Email,No,Yes,Democrat,
Donor_082,77186,Scientist,Black,Rural,752,47,Male,High School,Widowed,2,Urban,Retired,Healthcare,Regular,Tax Benefits,No,No,Monthly,Cash,Email,Yes,No,Independent,
Donor_083,72243,Scientist,White,Rural,443,37,Other,PhD,Single,3,Suburban,Employed,Healthcare,Regular,Tax Benefits,No,Yes,Monthly,Cash,Phone,No,Yes,Republican,
Donor_084,83548,Artist,Black,Urban,888,63,Male,Bachelor's,Single,2,Suburban,Unemployed,Technology,Occasional,Tax Benefits,Yes,Yes,One-time,Check,Mail,Yes,No,Independent,
Donor_085,90691,Scientist,Hispanic,Suburban,882,60,Male,High School,Widowed,3,Urban,Retired,Healthcare,Regular,Personal Belief,Yes,No,Annually,Check,Email,Yes,Yes,Independent,
Donor_086,77821,Artist,Asian,Rural,751,47,Male,High School,Divorced,0,Suburban,Self-Employed,Manufacturing,None,Personal Belief,No,No,Monthly,Online,Phone,Yes,Yes,None,
Donor_087,47664,Artist,White,Suburban,468,54,Other,Bachelor's,Single,0,Rural,Unemployed,Arts,None,Peer Influence,No,No,Annually,Online,Phone,Yes,No,Independent,
Donor_088,35216,Scientist,Mixed,Urban,407,73,Male,Bachelor's,Divorced,3,Rural,Employed,Education,Frequent,Social Good,No,No,Annually,Cash,Phone,Yes,No,Republican,
Donor_089,159367,Businessperson,White,Suburban,4476,23,Other,High School,Single,0,Suburban,Retired,Healthcare,None,Tax Benefits,No,No,One-time,Check,Phone,Yes,No,Independent,
Donor_090,89470,Engineer,Asian,Rural,860,23,Male,Master's,Widowed,3,Rural,Self-Employed,Manufacturing,Frequent,Personal Belief,Yes,Yes,Annually,Check,Email,No,No,None,
Donor_091,65319,Lawyer,White,Urban,695,80,Male,Master's,Widowed,4,Suburban,Retired,Business,None,Tax Benefits,Yes,No,One-time,Online,Email,No,No,None,
Donor_092,56430,Lawyer,White,Rural,703,37,Male,High School,Divorced,3,Suburban,Unemployed,Education,Regular,Peer Influence,Yes,Yes,One-time,Check,Email,Yes,No,Republican,
Donor_093,161653,Teacher,White,Urban,2850,66,Other,High School,Divorced,3,Urban,Employed,Technology,None,Peer Influence,Yes,Yes,One-time,Online,Phone,Yes,Yes,Independent,
Donor_094,177802,Writer,Mixed,Urban,1578,49,Female,Master's,Married,3,Suburban,Self-Employed,Manufacturing,Occasional,Tax Benefits,No,Yes,Monthly,Online,Phone,No,No,Independent,
Donor_095,81197,Teacher,Other,Urban,993,62,Male,High School,Married,3,Suburban,Employed,Technology,Frequent,Peer Influence,Yes,No,Annually,Check,Email,Yes,Yes,Republican,
Donor_096,87594,Writer,Asian,Suburban,853,69,Other,Bachelor's,Single,2,Suburban,Unemployed,Technology,None,Social Good,Yes,No,Annually,Online,Mail,Yes,No,Republican,
Donor_097,134688,Scientist,Other,Urban,1999,29,Other,PhD,Divorced,1,Rural,Retired,Technology,Frequent,Personal Belief,Yes,No,One-time,Cash,Mail,Yes,No,None,
Donor_098,28203,Artist,Hispanic,Urban,258,47,Male,Bachelor's,Divorced,4,Urban,Employed,Education,Occasional,Personal Belief,Yes,Yes,Monthly,Check,Mail,Yes,No,None,
Donor_099,106719,Doctor,Hispanic,Suburban,1037,48,Other,PhD,Widowed,2,Suburban,Employed,Business,Frequent,Peer Influence,Yes,No,One-time,Check,Mail,No,Yes,None,
Donor_100,84254,Artist,White,Urban,752,74,Female,PhD,Single,3,Suburban,Employed,Education,None,Tax Benefits,Yes,Yes,Annually,Online,Email,Yes,No,None,
Donor_101,105109,Artist,Asian,Urban,4773,69,Male,Bachelor's,Widowed,1,Suburban,Employed,Business,Frequent,Personal Belief,Yes,Yes,Annually,Check,Phone,Yes,No,Republican,
Donor_102,79951,Lawyer,Black,Rural,878,38,Male,High School,Married,2,Suburban,Unemployed,Manufacturing,Regular,Personal Belief,Yes,No,Monthly,Check,Mail,No,Yes,Democrat,
Donor_103,58678,Writer,Asian,Rural,661,79,Male,Bachelor's,Married,1,Suburban,Unemployed,Education,Regular,Personal Belief,No,Yes,Annually,Online,Phone,No,No,Republican,
Donor_104,81664,Engineer,Mixed,Urban,912,57,Male,Master's,Divorced,2,Suburban,Self-Employed,Business,Occasional,Personal Belief,Yes,No,Monthly,Cash,Mail,Yes,No,Republican,
Donor_105,143884,Engineer,Asian,Urban,2167,26,Male,Master's,Widowed,4,Rural,Unemployed,Business,None,Peer Influence,No,Yes,Monthly,Online,Mail,No,No,Democrat,
Donor_106,43363,Artist,Asian,Urban,370,36,Male,Master's,Divorced,4,Urban,Employed,Business,Regular,Tax Benefits,Yes,No,Annually,Cash,Email,Yes,No,Democrat,
Donor_107,93412,Lawyer,Asian,Urban,973,44,Male,High School,Married,2,Suburban,Employed,Arts,Occasional,Personal Belief,Yes,No,Annually,Cash,Email,No,No,Democrat,
Donor_108,35355,Engineer,Asian,Suburban,654,73,Female,Master's,Single,4,Suburban,Retired,Manufacturing,Regular,Social Good,Yes,No,Annually,Check,Mail,No,No,Democrat,
Donor_109,160139,Writer,White,Rural,1827,48,Other,High School,Single,0,Urban,Employed,Manufacturing,Frequent,Social Good,Yes,Yes,Annually,Check,Phone,Yes,Yes,Independent,
Donor_110,28005,Artist,Black,Urban,268,63,Other,PhD,Single,0,Rural,Employed,Technology,Frequent,Tax Benefits,Yes,Yes,Annually,Check,Mail,Yes,Yes,Democrat,
Donor_111,83122,Teacher,Mixed,Suburban,964,78,Female,High School,Single,4,Metropolitan,Retired,Arts,None,Peer Influence,No,No,Monthly,Check,Mail,Yes,No,None,
Donor_112,71901,Scientist,Asian,Suburban,413,77,Male,PhD,Widowed,2,Metropolitan,Self-Employed,Healthcare,Regular,Peer Influence,No,Yes,One-time,Cash,Mail,Yes,Yes,None,
Donor_113,131001,Teacher,Other,Suburban,4550,74,Male,Bachelor's,Divorced,3,Urban,Unemployed,Technology,Occasional,Personal Belief,Yes,No,One-time,Online,Mail,Yes,No,None,
Donor_114,91549,Businessperson,Black,Suburban,837,76,Female,Master's,Married,4,Metropolitan,Employed,Healthcare,Frequent,Social Good,No,No,Monthly,Cash,Email,Yes,Yes,Republican,
Donor_115,197568,Businessperson,White,Urban,1292,52,Other,High School,Widowed,4,Urban,Employed,Arts,None,Social Good,Yes,Yes,Monthly,Check,Mail,Yes,Yes,None,
Donor_116,50656,Lawyer,White,Rural,712,48,Female,PhD,Single,4,Metropolitan,Retired,Manufacturing,Frequent,Social Good,Yes,Yes,Monthly,Cash,Phone,Yes,Yes,Republican,
Donor_117,175758,Teacher,Mixed,Suburban,3476,24,Female,Bachelor's,Married,0,Metropolitan,Retired,Healthcare,Regular,Personal Belief,No,Yes,Annually,Online,Email,No,No,Republican,
Donor_118,100547,Writer,Asian,Rural,1498,57,Female,Master's,Widowed,4,Urban,Retired,Technology,Occasional,Peer Influence,Yes,Yes,One-time,Check,Email,No,Yes,Independent,
Donor_119,173835,Writer,Asian,Suburban,3115,48,Other,PhD,Widowed,2,Urban,Retired,Education,Occasional,Tax Benefits,No,No,Monthly,Cash,Phone,No,Yes,Democrat,
Donor_120,188494,Engineer,Black,Urban,3496,23,Female,PhD,Married,2,Rural,Unemployed,Manufacturing,None,Social Good,Yes,No,Monthly,Check,Mail,Yes,No,Independent,
Donor_121,38977,Engineer,White,Suburban,534,78,Other,Master's,Married,3,Rural,Self-Employed,Healthcare,Occasional,Peer Influence,Yes,No,Annually,Check,Email,Yes,No,None,
Donor_122,101883,Doctor,Hispanic,Suburban,4103,27,Other,High School,Married,2,Urban,Employed,Manufacturing,Frequent,Peer Influence,No,No,Annually,Online,Phone,Yes,No,Independent,
Donor_123,93082,Lawyer,Black,Urban,840,30,Female,High School,Widowed,4,Urban,Self-Employed,Business,Regular,Peer Influence,Yes,Yes,Monthly,Online,Phone,Yes,No,Independent,
Donor_124,168801,Businessperson,Hispanic,Rural,2678,25,Female,Bachelor's,Single,0,Metropolitan,Unemployed,Arts,Frequent,Peer Influence,Yes,Yes,One-time,Cash,Email,Yes,No,Independent,
Donor_125,91480,Lawyer,White,Urban,834,28,Other,PhD,Single,4,Urban,Unemployed,Arts,Frequent,Tax Benefits,No,Yes,Annually,Check,Phone,No,Yes,Democrat,
Donor_126,163791,Teacher,Mixed,Rural,1157,64,Other,High School,Divorced,4,Rural,Self-Employed,Arts,Frequent,Tax Benefits,Yes,No,One-time,Check,Phone,No,No,Democrat,
Donor_127,89266,Lawyer,Black,Urban,894,44,Male,Bachelor's,Divorced,3,Suburban,Unemployed,Education,Occasional,Tax Benefits,Yes,Yes,Monthly,Online,Email,No,Yes,None,
Donor_128,30021,Artist,Other,Urban,442,48,Female,PhD,Widowed,0,Suburban,Unemployed,Technology,Frequent,Personal Belief,No,Yes,One-time,Online,Email,No,Yes,Republican,
Donor_129,162324,Teacher,Black,Suburban,1771,70,Female,High School,Single,0,Metropolitan,Retired,Technology,None,Personal Belief,Yes,Yes,Monthly,Check,Email,Yes,Yes,Democrat,
Donor_130,98492,Artist,Other,Urban,835,55,Female,Bachelor's,Widowed,4,Metropolitan,Employed,Manufacturing,Regular,Personal Belief,Yes,No,Annually,Check,Mail,Yes,No,Independent,
Donor_131,95428,Lawyer,Black,Suburban,901,76,Other,Bachelor's,Divorced,2,Rural,Unemployed,Technology,Occasional,Personal Belief,Yes,Yes,One-time,Online,Mail,No,Yes,Independent,
Donor_132,75725,Writer,Asian,Suburban,866,42,Male,Bachelor's,Single,2,Urban,Unemployed,Manufacturing,Frequent,Peer Influence,No,No,Monthly,Cash,Mail,Yes,No,Democrat,
Donor_133,25030,Writer,Asian,Rural,727,26,Female,High School,Single,3,Metropolitan,Employed,Manufacturing,Frequent,Peer Influence,No,No,Annually,Online,Phone,Yes,No,Republican,
Donor_134,75170,Scientist,Asian,Urban,832,54,Female,PhD,Single,2,Urban,Employed,Technology,None,Tax Benefits,Yes,No,One-time,Check,Phone,No,No,Democrat,
Donor_135,96131,Scientist,Hispanic,Suburban,985,22,Male,Master's,Widowed,2,Metropolitan,Retired,Technology,Frequent,Tax Benefits,Yes,Yes,Annually,Check,Email,No,No,Independent,
Donor_136,75485,Engineer,White,Rural,951,63,Female,High School,Divorced,0,Metropolitan,Employed,Education,Frequent,Peer Influence,No,No,Annually,Cash,Mail,Yes,Yes,None,
Donor_137,82405,Teacher,Asian,Suburban,876,22,Male,PhD,Single,0,Rural,Employed,Technology,None,Tax Benefits,Yes,Yes,One-time,Online,Mail,No,Yes,Independent,
Donor_138,130998,Businessperson,Asian,Urban,1245,74,Female,PhD,Married,4,Suburban,Employed,Healthcare,Frequent,Social Good,Yes,Yes,Monthly,Check,Email,Yes,No,None,
Donor_139,50197,Engineer,Hispanic,Rural,378,51,Male,Master's,Single,0,Urban,Employed,Education,None,Tax Benefits,Yes,Yes,Monthly,Online,Phone,No,No,Independent,
Donor_140,96631,Businessperson,Asian,Urban,880,35,Male,High School,Single,0,Metropolitan,Self-Employed,Business,None,Personal Belief,No,No,Monthly,Online,Email,No,Yes,Republican,
Donor_141,123201,Teacher,Hispanic,Urban,3508,75,Male,PhD,Widowed,3,Metropolitan,Unemployed,Arts,Frequent,Tax Benefits,Yes,Yes,Monthly,Check,Phone,Yes,No,Independent,
Donor_142,27298,Lawyer,White,Urban,357,48,Male,Bachelor's,Single,3,Rural,Retired,Healthcare,None,Social Good,Yes,No,Monthly,Check,Email,No,No,Democrat,
Donor_143,45008,Businessperson,Other,Urban,729,45,Male,Master's,Divorced,1,Urban,Retired,Business,None,Personal Belief,No,Yes,Annually,Check,Mail,No,Yes,None,
Donor_144,74077,Lawyer,White,Urban,627,24,Other,High School,Divorced,0,Suburban,Employed,Technology,None,Tax Benefits,Yes,No,Monthly,Cash,Phone,Yes,Yes,Democrat,
Donor_145,97253,Lawyer,Hispanic,Urban,976,32,Male,Master's,Divorced,2,Metropolitan,Retired,Manufacturing,None,Peer Influence,Yes,Yes,Annually,Check,Email,No,Yes,None,
Donor_146,94266,Lawyer,Black,Urban,942,38,Male,Bachelor's,Widowed,1,Suburban,Self-Employed,Manufacturing,None,Social Good,No,Yes,Monthly,Online,Mail,Yes,Yes,Democrat,
Donor_147,197648,Engineer,Black,Rural,2847,79,Female,PhD,Married,0,Suburban,Self-Employed,Education,Regular,Tax Benefits,No,No,One-time,Check,Phone,No,No,None,
Donor_148,81061,Doctor,Hispanic,Urban,948,36,Male,Bachelor's,Divorced,2,Urban,Self-Employed,Technology,None,Personal Belief,Yes,Yes,Annually,Check,Mail,No,Yes,Independent,
Donor_149,128071,Lawyer,Asian,Rural,3277,77,Other,High School,Single,2,Metropolitan,Employed,Business,None,Tax Benefits,No,Yes,One-time,Check,Mail,No,No,None,
Donor_150,179531,Doctor,White,Suburban,4496,67,Male,Bachelor's,Widowed,3,Suburban,Unemployed,Business,Regular,Tax Benefits,Yes,Yes,Annually,Online,Mail,Yes,Yes,Democrat,
Donor_151,30949,Teacher,Asian,Rural,388,75,Female,PhD,Divorced,3,Urban,Self-Employed,Healthcare,Frequent,Tax Benefits,Yes,Yes,Annually,Cash,Phone,Yes,Yes,None,
Donor_152,110762,Teacher,Other,Urban,1321,34,Other,Bachelor's,Married,3,Rural,Self-Employed,Business,Occasional,Social Good,Yes,Yes,Annually,Online,Mail,Yes,No,Republican,
Donor_153,195248,Scientist,Black,Rural,1948,36,Other,Master's,Widowed,3,Suburban,Employed,Business,Frequent,Personal Belief,No,Yes,Monthly,Online,Phone,Yes,Yes,Democrat,
Donor_154,153702,Doctor,Black,Urban,2083,37,Male,PhD,Single,4,Urban,Unemployed,Manufacturing,Regular,Peer Influence,Yes,No,Annually,Online,Email,No,Yes,Republican,
Donor_155,57339,Artist,White,Rural,260,58,Female,Bachelor's,Divorced,2,Metropolitan,Employed,Manufacturing,Occasional,Personal Belief,No,Yes,Monthly,Cash,Email,No,No,Republican,
Donor_156,194994,Scientist,White,Rural,4035,30,Male,High School,Widowed,0,Rural,Unemployed,Education,None,Peer Influence,Yes,No,Monthly,Cash,Mail,Yes,Yes,Independent,
Donor_157,91742,Teacher,Other,Urban,750,32,Female,PhD,Divorced,3,Urban,Unemployed,Education,Occasional,Tax Benefits,Yes,Yes,Annually,Cash,Phone,Yes,Yes,None,
Donor_158,79118,Lawyer,Mixed,Urban,927,68,Female,PhD,Divorced,3,Suburban,Employed,Education,Regular,Peer Influence,Yes,No,One-time,Check,Email,No,Yes,None,
Donor_159,114656,Engineer,White,Urban,1401,69,Male,Master's,Widowed,0,Suburban,Self-Employed,Healthcare,None,Tax Benefits,Yes,No,Annually,Online,Email,Yes,Yes,Democrat,
Donor_160,88474,Scientist,Mixed,Suburban,840,70,Female,Bachelor's,Single,0,Urban,Employed,Arts,Occasional,Peer Influence,Yes,Yes,Annually,Online,Mail,Yes,No,Republican,
Donor_161,95890,Businessperson,Black,Urban,983,23,Other,High School,Married,2,Urban,Retired,Education,Regular,Social Good,Yes,Yes,Annually,Online,Phone,Yes,No,Democrat,
Donor_162,115736,Writer,Mixed,Rural,1216,63,Other,PhD,Married,3,Metropolitan,Retired,Technology,Regular,Peer Influence,Yes,Yes,One-time,Online,Email,Yes,No,Democrat,
Donor_163,117617,Writer,Hispanic,Urban,2846,63,Female,Master's,Married,4,Urban,Retired,Manufacturing,Occasional,Social Good,Yes,Yes,Monthly,Online,Email,No,Yes,Independent,
Donor_164,102961,Writer,Black,Urban,1678,51,Other,PhD,Single,1,Rural,Unemployed,Technology,Frequent,Social Good,Yes,No,One-time,Cash,Email,No,Yes,Independent,
Donor_165,192602,Artist,Asian,Rural,1413,64,Female,Bachelor's,Single,1,Suburban,Retired,Technology,Frequent,Social Good,Yes,Yes,Annually,Check,Phone,No,No,None,
Donor_166,90943,Doctor,Mixed,Suburban,751,46,Male,High School,Married,3,Rural,Retired,Education,None,Tax Benefits,Yes,Yes,Annually,Cash,Email,No,No,Republican,
Donor_167,62497,Scientist,Black,Urban,289,20,Other,Master's,Married,2,Rural,Employed,Manufacturing,Regular,Personal Belief,Yes,No,One-time,Check,Email,Yes,Yes,Republican,
Donor_168,80824,Lawyer,Mixed,Suburban,863,63,Female,PhD,Widowed,1,Suburban,Self-Employed,Education,Regular,Tax Benefits,Yes,Yes,Monthly,Online,Mail,Yes,No,Independent,
Donor_169,169551,Teacher,White,Urban,2304,47,Other,High School,Married,0,Urban,Unemployed,Education,Regular,Tax Benefits,No,No,Monthly,Cash,Phone,No,Yes,Independent,
Donor_170,96706,Engineer,White,Rural,969,24,Female,High School,Widowed,2,Metropolitan,Retired,Arts,Frequent,Tax Benefits,Yes,Yes,Monthly,Cash,Phone,No,Yes,Democrat,
Donor_171,111054,Artist,Mixed,Suburban,3736,30,Male,Master's,Single,3,Urban,Employed,Manufacturing,Occasional,Social Good,Yes,Yes,Monthly,Online,Mail,No,No,Democrat,
Donor_172,186279,Writer,Black,Suburban,1068,80,Male,PhD,Single,2,Metropolitan,Self-Employed,Education,Regular,Peer Influence,No,No,One-time,Check,Email,Yes,No,Democrat,
Donor_173,86321,Writer,Other,Urban,900,45,Male,Bachelor's,Widowed,1,Rural,Self-Employed,Business,Regular,Social Good,No,No,Monthly,Online,Mail,No,Yes,Republican,
Donor_174,49856,Scientist,White,Rural,560,59,Male,High School,Single,3,Suburban,Unemployed,Technology,Frequent,Personal Belief,Yes,Yes,Monthly,Online,Phone,Yes,No,Independent,
Donor_175,38246,Writer,Black,Urban,497,80,Male,High School,Widowed,3,Urban,Unemployed,Manufacturing,Regular,Social Good,Yes,No,Annually,Cash,Phone,No,Yes,None,
Donor_176,145122,Artist,Black,Rural,2443,55,Male,PhD,Widowed,0,Urban,Unemployed,Business,None,Peer Influence,Yes,Yes,Annually,Cash,Mail,Yes,No,Republican,
Donor_177,121112,Scientist,Asian,Urban,3468,80,Female,Master's,Single,2,Urban,Self-Employed,Technology,Regular,Tax Benefits,No,No,One-time,Check,Email,Yes,Yes,None,
Donor_178,97068,Lawyer,Other,Urban,766,26,Male,High School,Divorced,1,Rural,Self-Employed,Manufacturing,Occasional,Social Good,No,Yes,Annually,Check,Phone,No,No,Independent,
Donor_179,55372,Doctor,White,Suburban,667,32,Other,PhD,Divorced,1,Suburban,Retired,Education,None,Tax Benefits,Yes,No,One-time,Cash,Phone,No,Yes,Republican,
Donor_180,124585,Doctor,White,Rural,4302,27,Male,Bachelor's,Married,1,Suburban,Self-Employed,Manufacturing,Frequent,Tax Benefits,No,Yes,Annually,Online,Mail,Yes,Yes,Democrat,
Donor_181,170703,Scientist,Hispanic,Urban,3794,27,Male,Bachelor's,Married,1,Rural,Self-Employed,Education,Occasional,Personal Belief,No,No,Annually,Online,Mail,No,No,Independent,
Donor_182,160822,Doctor,Other,Rural,1892,21,Other,PhD,Divorced,1,Suburban,Self-Employed,Arts,Frequent,Social Good,Yes,No,One-time,Online,Mail,Yes,No,Independent,
Donor_183,40454,Scientist,Hispanic,Rural,675,46,Female,Bachelor's,Divorced,0,Suburban,Self-Employed,Technology,Frequent,Personal Belief,No,No,Annually,Check,Email,Yes,No,Republican,
Donor_184,79907,Lawyer,Hispanic,Suburban,783,74,Female,PhD,Widowed,4,Urban,Employed,Technology,None,Personal Belief,Yes,Yes,Monthly,Online,Mail,No,Yes,Republican,
Donor_185,80250,Businessperson,Mixed,Suburban,975,71,Other,Master's,Single,0,Metropolitan,Retired,Education,None,Peer Influence,Yes,Yes,Monthly,Online,Email,No,No,Republican,
Donor_186,144616,Writer,White,Urban,3159,48,Male,Bachelor's,Widowed,2,Urban,Unemployed,Technology,Occasional,Tax Benefits,No,No,Annually,Check,Phone,Yes,Yes,None,
Donor_187,46604,Writer,Asian,Rural,292,72,Female,Bachelor's,Widowed,4,Urban,Retired,Healthcare,None,Peer Influence,Yes,No,One-time,Check,Mail,No,Yes,None,
Donor_188,86515,Businessperson,Other,Suburban,787,29,Other,PhD,Single,2,Rural,Self-Employed,Manufacturing,Regular,Peer Influence,No,No,One-time,Check,Mail,Yes,Yes,Independent,
Donor_189,167643,Businessperson,White,Rural,2897,45,Other,Master's,Divorced,2,Urban,Self-Employed,Arts,Frequent,Social Good,No,No,One-time,Check,Email,Yes,Yes,None,
Donor_190,37724,Writer,Hispanic,Suburban,466,79,Other,Bachelor's,Single,0,Suburban,Retired,Education,Occasional,Peer Influence,Yes,No,Annually,Online,Mail,No,No,Independent,
Donor_191,34891,Businessperson,Hispanic,Urban,427,31,Female,Bachelor's,Single,4,Urban,Employed,Healthcare,None,Social Good,Yes,No,One-time,Cash,Email,Yes,Yes,Democrat,
Donor_192,74468,Doctor,Asian,Rural,713,39,Male,Master's,Widowed,1,Metropolitan,Retired,Business,Occasional,Social Good,No,No,One-time,Cash,Mail,No,Yes,None,
Donor_193,78551,Teacher,White,Suburban,906,68,Female,PhD,Widowed,1,Suburban,Retired,Technology,Regular,Tax Benefits,No,No,Monthly,Online,Mail,Yes,Yes,Republican,
Donor_194,91784,Engineer,Black,Urban,986,46,Female,PhD,Married,2,Metropolitan,Retired,Business,Regular,Tax Benefits,Yes,No,One-time,Online,Email,No,Yes,Independent,
Donor_195,170814,Scientist,White,Urban,3606,77,Female,High School,Married,1,Rural,Unemployed,Business,Regular,Peer Influence,No,Yes,Monthly,Cash,Phone,Yes,No,Democrat,
Donor_196,187249,Teacher,White,Suburban,4316,49,Other,Bachelor's,Married,1,Rural,Employed,Business,Occasional,Peer Influence,No,Yes,One-time,Cash,Mail,Yes,Yes,None,
Donor_197,122089,Engineer,Hispanic,Suburban,1353,43,Female,Bachelor's,Widowed,3,Metropolitan,Employed,Manufacturing,Frequent,Tax Benefits,Yes,Yes,Monthly,Check,Email,No,Yes,Democrat,
Donor_198,96333,Doctor,White,Urban,756,50,Male,PhD,Widowed,3,Metropolitan,Retired,Business,Occasional,Peer Influence,No,No,Annually,Online,Mail,No,No,Democrat,
Donor_199,82084,Artist,Asian,Urban,807,53,Male,High School,Married,4,Metropolitan,Employed,Arts,Frequent,Personal Belief,No,No,Annually,Check,Mail,No,No,None,
Donor_200,29133,Doctor,Mixed,Suburban,571,27,Male,High School,Married,3,Metropolitan,Unemployed,Business,None,Personal Belief,No,Yes,One-time,Check,Phone,Yes,Yes,None,
Donor_201,87958,Writer,Asian,Suburban,826,35,Male,High School,Widowed,3,Metropolitan,Employed,Manufacturing,Frequent,Tax Benefits,Yes,Yes,One-time,Online,Email,Yes,No,Independent,
Donor_202,87626,Lawyer,Hispanic,Rural,806,53,Other,PhD,Widowed,1,Urban,Unemployed,Technology,None,Personal Belief,Yes,Yes,Annually,Check,Mail,Yes,Yes,Independent,
Donor_203,56370,Writer,Mixed,Suburban,534,34,Male,Bachelor's,Widowed,4,Rural,Unemployed,Education,Regular,Personal Belief,No,No,One-time,Check,Phone,No,No,None,
Donor_204,152983,Artist,Mixed,Rural,4472,52,Female,Bachelor's,Married,4,Suburban,Employed,Technology,Regular,Tax Benefits,Yes,Yes,One-time,Cash,Phone,Yes,No,Independent,
Donor_205,120600,Scientist,Black,Rural,4080,70,Female,Master's,Divorced,1,Rural,Employed,Arts,Regular,Tax Benefits,Yes,No,Monthly,Online,Mail,Yes,Yes,Democrat,
Donor_206,127943,Businessperson,Black,Rural,4487,47,Male,Bachelor's,Married,0,Suburban,Unemployed,Healthcare,Regular,Tax Benefits,Yes,No,Annually,Online,Mail,Yes,Yes,Republican,
Donor_207,82946,Scientist,Mixed,Suburban,799,31,Other,High School,Married,4,Metropolitan,Retired,Arts,None,Peer Influence,No,Yes,Monthly,Check,Phone,Yes,Yes,Republican,
Donor_208,104555,Writer,Other,Rural,3509,53,Male,PhD,Widowed,3,Urban,Self-Employed,Manufacturing,Regular,Tax Benefits,Yes,Yes,One-time,Online,Mail,Yes,No,Independent,
Donor_209,154058,Artist,Hispanic,Suburban,2288,74,Male,Bachelor's,Widowed,3,Suburban,Unemployed,Healthcare,None,Tax Benefits,No,No,One-time,Online,Email,Yes,No,Democrat,
Donor_210,71352,Engineer,White,Rural,510,50,Other,Master's,Divorced,4,Suburban,Employed,Arts,None,Tax Benefits,No,No,Monthly,Online,Mail,Yes,Yes,None,
Donor_211,181769,Writer,Asian,Urban,4886,26,Female,High School,Widowed,1,Metropolitan,Self-Employed,Business,None,Tax Benefits,No,No,One-time,Online,Mail,Yes,No,Democrat,
Donor_212,83275,Artist,Black,Urban,969,68,Female,High School,Single,4,Metropolitan,Employed,Manufacturing,None,Personal Belief,No,No,Monthly,Cash,Mail,No,No,Republican,
Donor_213,117686,Doctor,Asian,Rural,4105,55,Female,PhD,Single,2,Suburban,Employed,Healthcare,None,Peer Influence,No,No,Annually,Online,Mail,Yes,No,Republican,
Donor_214,62831,Artist,Other,Urban,468,44,Male,Master's,Divorced,0,Suburban,Self-Employed,Business,Regular,Personal Belief,No,No,One-time,Cash,Email,Yes,Yes,Republican,
Donor_215,97746,Lawyer,White,Suburban,981,53,Female,Bachelor's,Single,3,Metropolitan,Retired,Business,Frequent,Tax Benefits,Yes,Yes,One-time,Online,Phone,No,No,None,
Donor_216,91923,Businessperson,Other,Rural,914,77,Female,Bachelor's,Married,0,Metropolitan,Employed,Manufacturing,None,Tax Benefits,Yes,No,One-time,Online,Email,Yes,Yes,Independent,
Donor_217,160523,Engineer,Asian,Urban,4771,76,Other,PhD,Widowed,0,Suburban,Self-Employed,Technology,Frequent,Peer Influence,No,No,Monthly,Cash,Phone,No,No,Republican,
Donor_218,27227,Lawyer,Asian,Urban,574,52,Other,PhD,Single,4,Urban,Employed,Business,Frequent,Tax Benefits,No,No,One-time,Cash,Email,Yes,No,Republican,
Donor_219,37099,Businessperson,Hispanic,Rural,307,70,Other,High School,Married,1,Urban,Employed,Technology,Occasional,Personal Belief,No,Yes,Monthly,Online,Email,Yes,No,Republican,
Donor_220,56558,Doctor,Hispanic,Urban,512,69,Male,Master's,Divorced,1,Urban,Unemployed,Manufacturing,Regular,Peer Influence,No,No,One-time,Online,Phone,Yes,No,Republican,
Donor_221,59642,Writer,Hispanic,Rural,420,74,Other,PhD,Married,2,Suburban,Retired,Business,Regular,Social Good,Yes,No,Monthly,Check,Phone,Yes,Yes,Republican,
Donor_222,76164,Doctor,Other,Suburban,768,71,Other,PhD,Widowed,3,Urban,Unemployed,Healthcare,Occasional,Tax Benefits,Yes,No,Annually,Cash,Mail,Yes,No,Republican,
Donor_223,82539,Businessperson,Black,Rural,911,20,Female,High School,Married,3,Urban,Employed,Manufacturing,Regular,Tax Benefits,Yes,No,Monthly,Cash,Mail,Yes,No,Independent,
Donor_224,162590,Engineer,Mixed,Suburban,1393,55,Female,Bachelor's,Married,2,Urban,Unemployed,Technology,None,Social Good,Yes,Yes,One-time,Check,Email,No,Yes,Republican,
Donor_225,29932,Artist,Hispanic,Suburban,655,21,Female,PhD,Married,3,Urban,Employed,Arts,Occasional,Tax Benefits,Yes,Yes,One-time,Check,Email,No,No,Democrat,
Donor_226,27841,Scientist,White,Urban,652,77,Other,High School,Divorced,4,Suburban,Employed,Manufacturing,Frequent,Social Good,No,No,Monthly,Online,Phone,No,No,Democrat,
Donor_227,66680,Teacher,Other,Suburban,337,78,Other,High School,Single,0,Rural,Self-Employed,Arts,Occasional,Tax Benefits,No,No,One-time,Check,Phone,No,Yes,Republican,
Donor_228,61067,Teacher,Mixed,Rural,425,47,Male,Bachelor's,Single,1,Suburban,Employed,Manufacturing,Regular,Social Good,No,No,Monthly,Online,Phone,No,No,Republican,
Donor_229,79768,Lawyer,White,Urban,877,63,Male,High School,Married,1,Urban,Self-Employed,Manufacturing,None,Peer Influence,Yes,No,One-time,Online,Email,No,No,Democrat,
Donor_230,121301,Scientist,Hispanic,Suburban,4993,27,Other,High School,Single,2,Rural,Unemployed,Education,Occasional,Social Good,Yes,No,Monthly,Check,Phone,No,Yes,Independent,
Donor_231,187492,Artist,Mixed,Suburban,2023,32,Female,PhD,Divorced,2,Urban,Self-Employed,Manufacturing,Frequent,Social Good,No,No,One-time,Online,Phone,No,Yes,Democrat,
Donor_232,145627,Lawyer,Other,Rural,1862,59,Other,Master's,Married,0,Metropolitan,Employed,Arts,Frequent,Personal Belief,Yes,No,Monthly,Online,Email,Yes,No,Independent,
Donor_233,93557,Scientist,Other,Rural,879,32,Female,Bachelor's,Single,0,Rural,Self-Employed,Education,Frequent,Personal Belief,No,Yes,Annually,Online,Phone,No,No,None,
Donor_234,169044,Scientist,Hispanic,Suburban,4104,71,Female,Master's,Widowed,0,Rural,Self-Employed,Manufacturing,Regular,Peer Influence,Yes,Yes,Monthly,Check,Mail,No,No,Republican,
Donor_235,85559,Businessperson,Asian,Urban,955,27,Male,Bachelor's,Single,2,Rural,Unemployed,Education,Occasional,Personal Belief,Yes,No,Monthly,Cash,Phone,No,Yes,Democrat,
Donor_236,99273,Teacher,Asian,Urban,793,71,Other,Master's,Divorced,3,Urban,Retired,Manufacturing,Frequent,Social Good,Yes,No,One-time,Online,Mail,Yes,Yes,Independent,
Donor_237,131294,Engineer,Black,Suburban,4009,79,Female,Master's,Single,2,Suburban,Retired,Education,None,Tax Benefits,No,No,One-time,Online,Phone,No,Yes,Independent,
Donor_238,86456,Businessperson,Black,Urban,803,78,Other,Master's,Single,4,Metropolitan,Employed,Education,Frequent,Peer Influence,No,No,Monthly,Check,Mail,No,No,Independent,
Donor_239,37864,Artist,Hispanic,Suburban,276,70,Male,High School,Single,0,Suburban,Employed,Manufacturing,Regular,Social Good,Yes,No,Annually,Cash,Mail,Yes,No,Democrat,
Donor_240,86117,Teacher,Asian,Suburban,859,49,Male,Bachelor's,Married,4,Urban,Unemployed,Business,Regular,Peer Influence,Yes,No,Monthly,Cash,Phone,Yes,No,Democrat,
Donor_241,93025,Writer,Hispanic,Suburban,808,34,Male,High School,Single,4,Suburban,Unemployed,Education,Occasional,Tax Benefits,Yes,Yes,Annually,Check,Mail,No,Yes,Independent,
Donor_242,81328,Artist,Other,Suburban,942,77,Female,Bachelor's,Single,0,Metropolitan,Employed,Technology,Occasional,Personal Belief,Yes,Yes,Annually,Online,Email,Yes,No,Democrat,
Donor_243,98739,Lawyer,Black,Rural,870,21,Other,Bachelor's,Widowed,4,Metropolitan,Employed,Business,Regular,Tax Benefits,No,No,Monthly,Cash,Mail,Yes,Yes,Democrat,
Donor_244,153439,Teacher,Mixed,Suburban,4478,34,Female,Bachelor's,Single,1,Rural,Unemployed,Business,Frequent,Peer Influence,No,Yes,Monthly,Cash,Mail,No,No,Republican,
Donor_245,104441,Lawyer,Hispanic,Suburban,1707,21,Male,PhD,Widowed,2,Rural,Unemployed,Manufacturing,None,Tax Benefits,Yes,Yes,Monthly,Online,Email,No,Yes,Independent,
Donor_246,111538,Lawyer,Black,Urban,1538,67,Female,PhD,Single,1,Suburban,Unemployed,Technology,Frequent,Personal Belief,Yes,No,Annually,Cash,Email,Yes,No,Independent,
Donor_247,150482,Writer,Asian,Rural,1685,55,Other,Bachelor's,Married,4,Rural,Unemployed,Arts,Occasional,Peer Influence,Yes,Yes,One-time,Check,Email,No,Yes,Independent,
Donor_248,130780,Businessperson,Asian,Rural,3241,78,Female,PhD,Single,3,Metropolitan,Self-Employed,Business,Regular,Social Good,Yes,Yes,Monthly,Cash,Mail,Yes,No,Democrat,
Donor_249,46923,Artist,Other,Urban,713,29,Other,PhD,Widowed,4,Metropolitan,Employed,Education,Frequent,Social Good,Yes,Yes,One-time,Check,Phone,No,No,Republican,
Donor_250,128315,Doctor,Hispanic,Suburban,2360,31,Female,High School,Married,3,Metropolitan,Self-Employed,Technology,Occasional,Personal Belief,Yes,Yes,Monthly,Check,Mail,No,No,None,
Donor_251,97873,Engineer,Black,Suburban,777,25,Male,Bachelor's,Divorced,4,Metropolitan,Retired,Technology,Regular,Personal Belief,No,Yes,Monthly,Cash,Mail,No,No,None,
Donor_252,76249,Businessperson,Black,Urban,944,29,Male,High School,Widowed,3,Metropolitan,Retired,Arts,Occasional,Tax Benefits,No,Yes,One-time,Online,Mail,No,Yes,Republican,
Donor_253,49250,Businessperson,Black,Suburban,322,35,Male,High School,Widowed,4,Metropolitan,Employed,Education,Occasional,Tax Benefits,No,Yes,One-time,Online,Email,No,Yes,Democrat,
Donor_254,180439,Scientist,White,Suburban,3185,32,Female,Bachelor's,Single,2,Metropolitan,Unemployed,Arts,Regular,Tax Benefits,No,No,Annually,Online,Email,Yes,Yes,Independent,
Donor_255,81985,Businessperson,White,Suburban,861,20,Male,High School,Single,1,Rural,Retired,Arts,Regular,Personal Belief,Yes,No,One-time,Online,Mail,Yes,No,Independent,
Donor_256,174787,Engineer,Hispanic,Suburban,3797,65,Male,PhD,Divorced,4,Metropolitan,Unemployed,Arts,Occasional,Peer Influence,Yes,Yes,Monthly,Check,Mail,No,Yes,None,
Donor_257,185127,Scientist,Other,Rural,1941,21,Female,Master's,Widowed,2,Metropolitan,Self-Employed,Arts,None,Tax Benefits,No,Yes,Monthly,Cash,Phone,Yes,No,Independent,
Donor_258,67035,Engineer,Mixed,Rural,663,51,Other,Bachelor's,Divorced,4,Metropolitan,Retired,Education,Regular,Tax Benefits,Yes,Yes,One-time,Check,Email,Yes,No,None,
Donor_259,109647,Lawyer,Asian,Suburban,4239,74,Other,High School,Widowed,1,Metropolitan,Unemployed,Healthcare,Frequent,Personal Belief,Yes,No,Monthly,Check,Email,No,No,Independent,
Donor_260,91484,Lawyer,Hispanic,Rural,844,24,Other,Bachelor's,Divorced,0,Rural,Retired,Arts,None,Personal Belief,No,No,One-time,Online,Email,No,Yes,Republican,
Donor_261,87417,Scientist,Black,Urban,919,21,Other,Master's,Widowed,4,Urban,Employed,Arts,Frequent,Personal Belief,No,No,Annually,Online,Phone,No,No,Independent,
Donor_262,176692,Engineer,Asian,Suburban,2985,52,Female,High School,Married,0,Rural,Retired,Manufacturing,Regular,Tax Benefits,Yes,Yes,One-time,Check,Phone,Yes,No,Democrat,
Donor_263,139374,Lawyer,Mixed,Urban,4082,62,Other,Bachelor's,Widowed,0,Urban,Employed,Arts,Occasional,Social Good,Yes,Yes,One-time,Check,Mail,Yes,No,Republican,
Donor_264,122432,Teacher,White,Urban,2618,35,Other,PhD,Single,3,Urban,Retired,Technology,Regular,Social Good,Yes,No,Annually,Online,Mail,Yes,No,Independent,
Donor_265,108916,Scientist,White,Suburban,4198,48,Male,Master's,Single,3,Rural,Retired,Healthcare,Frequent,Tax Benefits,No,Yes,Annually,Online,Phone,No,No,Democrat,
Donor_266,156852,Scientist,Asian,Rural,3990,41,Female,High School,Divorced,3,Metropolitan,Self-Employed,Manufacturing,None,Social Good,No,Yes,One-time,Cash,Phone,No,Yes,Independent,
Donor_267,38156,Doctor,Asian,Suburban,293,21,Male,Bachelor's,Widowed,1,Urban,Employed,Education,None,Social Good,No,Yes,Annually,Online,Phone,Yes,No,Independent,
Donor_268,54241,Artist,Asian,Rural,436,78,Female,PhD,Widowed,1,Rural,Self-Employed,Manufacturing,None,Tax Benefits,No,No,One-time,Online,Mail,No,Yes,Democrat,
Donor_269,195122,Businessperson,Mixed,Suburban,3829,67,Other,High School,Divorced,2,Urban,Employed,Arts,Regular,Tax Benefits,No,No,One-time,Check,Email,No,Yes,Republican,
Donor_270,164288,Engineer,White,Urban,4402,34,Female,High School,Married,3,Metropolitan,Employed,Healthcare,Occasional,Social Good,Yes,Yes,One-time,Check,Email,No,No,Republican,
Donor_271,86663,Artist,Black,Urban,909,43,Other,PhD,Widowed,2,Urban,Self-Employed,Manufacturing,None,Personal Belief,No,Yes,One-time,Check,Phone,Yes,No,Independent,
Donor_272,190553,Teacher,Black,Rural,4088,50,Male,High School,Married,4,Rural,Retired,Technology,Regular,Personal Belief,No,No,Monthly,Cash,Phone,No,No,None,
Donor_273,88688,Artist,Mixed,Rural,782,33,Male,High School,Widowed,3,Urban,Retired,Business,None,Tax Benefits,Yes,Yes,One-time,Check,Mail,Yes,Yes,Democrat,
Donor_274,72398,Doctor,Hispanic,Rural,405,47,Other,Bachelor's,Widowed,2,Metropolitan,Unemployed,Manufacturing,Occasional,Social Good,Yes,No,One-time,Cash,Phone,Yes,No,Democrat,
Donor_275,48237,Engineer,Asian,Rural,749,62,Female,Master's,Married,1,Urban,Unemployed,Manufacturing,Occasional,Social Good,Yes,No,Monthly,Cash,Phone,Yes,Yes,Democrat,
Donor_276,95580,Writer,Hispanic,Rural,759,36,Female,Master's,Single,4,Suburban,Self-Employed,Business,Regular,Social Good,Yes,No,One-time,Cash,Email,No,Yes,Democrat,
Donor_277,96429,Artist,Black,Suburban,757,46,Female,High School,Married,1,Urban,Self-Employed,Technology,Frequent,Social Good,No,Yes,Monthly,Cash,Mail,Yes,No,Independent,
Donor_278,98086,Writer,Black,Rural,857,41,Other,Bachelor's,Married,0,Urban,Retired,Healthcare,Regular,Peer Influence,No,Yes,Monthly,Cash,Phone,Yes,Yes,Republican,
Donor_279,195872,Doctor,Mixed,Rural,1967,30,Female,High School,Divorced,1,Suburban,Unemployed,Healthcare,Frequent,Tax Benefits,No,No,Annually,Check,Mail,Yes,Yes,Republican,
Donor_280,149790,Writer,Hispanic,Urban,3414,57,Female,Bachelor's,Widowed,2,Metropolitan,Unemployed,Technology,None,Peer Influence,Yes,No,Monthly,Cash,Mail,Yes,No,Democrat,
Donor_281,91813,Businessperson,Black,Urban,902,22,Male,Master's,Married,3,Metropolitan,Self-Employed,Education,None,Social Good,No,No,Monthly,Cash,Email,No,No,Republican,
Donor_282,94914,Artist,Mixed,Urban,984,53,Male,Master's,Divorced,0,Suburban,Retired,Healthcare,Frequent,Personal Belief,No,No,One-time,Check,Phone,Yes,Yes,Republican,
Donor_283,180823,Lawyer,Other,Suburban,4821,63,Other,Master's,Married,4,Metropolitan,Self-Employed,Manufacturing,Frequent,Peer Influence,No,Yes,One-time,Cash,Mail,No,No,Independent,
Donor_284,137346,Businessperson,Black,Urban,2178,67,Female,PhD,Married,0,Urban,Self-Employed,Technology,Regular,Personal Belief,No,No,Annually,Cash,Email,No,Yes,Independent,
Donor_285,153171,Engineer,Other,Urban,2618,54,Other,Bachelor's,Divorced,0,Suburban,Employed,Arts,Regular,Social Good,Yes,No,Annually,Online,Email,Yes,Yes,None,
Donor_286,34216,Teacher,White,Urban,346,27,Male,Master's,Widowed,0,Metropolitan,Unemployed,Arts,Regular,Social Good,Yes,No,Monthly,Cash,Phone,Yes,Yes,Democrat,
Donor_287,152959,Teacher,Mixed,Rural,3704,60,Male,High School,Widowed,3,Metropolitan,Self-Employed,Technology,Frequent,Tax Benefits,Yes,No,Annually,Check,Email,No,Yes,Republican,
Donor_288,54808,Artist,White,Rural,710,56,Female,Bachelor's,Single,1,Metropolitan,Unemployed,Manufacturing,Occasional,Tax Benefits,No,Yes,Annually,Check,Mail,Yes,No,Republican,
Donor_289,186513,Businessperson,Hispanic,Urban,4932,73,Female,Master's,Married,2,Suburban,Unemployed,Arts,Frequent,Personal Belief,No,No,Monthly,Check,Phone,No,Yes,Democrat,
Donor_290,76104,Lawyer,Hispanic,Suburban,917,68,Female,PhD,Married,2,Suburban,Employed,Manufacturing,Regular,Social Good,No,Yes,One-time,Check,Email,Yes,Yes,Democrat,
Donor_291,38901,Teacher,Mixed,Suburban,626,67,Other,PhD,Widowed,2,Urban,Self-Employed,Business,Regular,Social Good,No,No,Monthly,Online,Phone,Yes,No,None,
Donor_292,31877,Scientist,White,Rural,610,70,Male,Bachelor's,Divorced,1,Urban,Unemployed,Technology,Occasional,Tax Benefits,Yes,No,Annually,Online,Phone,Yes,No,Republican,
Donor_293,62383,Teacher,White,Suburban,634,58,Male,Master's,Married,4,Urban,Retired,Education,Regular,Personal Belief,Yes,Yes,One-time,Cash,Email,Yes,No,Democrat,
Donor_294,100667,Writer,Hispanic,Urban,2947,24,Female,High School,Married,2,Metropolitan,Self-Employed,Business,Regular,Peer Influence,No,No,Annually,Check,Email,Yes,No,Republican,
Donor_295,162233,Scientist,Mixed,Urban,4962,57,Other,High School,Widowed,4,Urban,Unemployed,Business,None,Tax Benefits,No,No,One-time,Check,Phone,No,Yes,None,
Donor_296,55725,Scientist,Asian,Rural,730,25,Male,Master's,Divorced,0,Metropolitan,Unemployed,Healthcare,Occasional,Personal Belief,Yes,No,Monthly,Online,Mail,Yes,No,Democrat,
Donor_297,79676,Scientist,White,Suburban,915,29,Other,Bachelor's,Widowed,3,Metropolitan,Employed,Arts,Occasional,Personal Belief,No,Yes,One-time,Check,Email,Yes,Yes,Republican,
Donor_298,83100,Businessperson,Black,Urban,915,65,Male,Bachelor's,Widowed,1,Rural,Retired,Manufacturing,Regular,Social Good,No,No,Monthly,Online,Mail,Yes,Yes,Democrat,
Donor_299,38773,Doctor,Asian,Suburban,391,28,Male,Bachelor's,Widowed,4,Rural,Employed,Technology,Frequent,Personal Belief,Yes,Yes,Monthly,Cash,Mail,Yes,Yes,Republican,
Donor_300,68104,Writer,Hispanic,Urban,306,76,Other,PhD,Divorced,4,Suburban,Self-Employed,Business,Regular,Social Good,Yes,Yes,One-time,Cash,Phone,No,No,Democrat,
Donor_301,65634,Businessperson,Black,Rural,358,35,Other,Bachelor's,Widowed,3,Metropolitan,Self-Employed,Business,Occasional,Peer Influence,Yes,Yes,Annually,Check,Mail,Yes,No,Republican,
Donor_302,187781,Businessperson,Other,Suburban,1948,37,Male,PhD,Divorced,3,Rural,Employed,Technology,Occasional,Peer Influence,No,No,Monthly,Cash,Email,Yes,No,None,
Donor_303,95314,Writer,Black,Rural,795,67,Other,Master's,Widowed,0,Suburban,Employed,Business,Regular,Tax Benefits,No,Yes,Monthly,Online,Phone,Yes,No,None,
Donor_304,117154,Scientist,Other,Suburban,2149,60,Female,High School,Married,3,Metropolitan,Retired,Arts,Regular,Tax Benefits,No,No,Monthly,Online,Mail,No,No,Republican,
Donor_305,25006,Writer,Mixed,Suburban,575,24,Male,PhD,Married,1,Urban,Self-Employed,Arts,Regular,Personal Belief,Yes,Yes,Monthly,Check,Phone,No,Yes,None,
Donor_306,78029,Lawyer,Other,Suburban,830,61,Other,High School,Widowed,1,Metropolitan,Self-Employed,Education,Occasional,Peer Influence,No,No,Monthly,Cash,Email,No,Yes,Republican,
Donor_307,193569,Businessperson,Asian,Suburban,1583,27,Female,PhD,Single,4,Rural,Retired,Healthcare,Regular,Social Good,No,No,Monthly,Cash,Email,No,Yes,None,
Donor_308,76252,Lawyer,Hispanic,Suburban,894,54,Female,High School,Married,2,Rural,Unemployed,Arts,Regular,Peer Influence,Yes,Yes,Annually,Cash,Mail,Yes,No,Democrat,
Donor_309,32787,Writer,Asian,Rural,514,79,Other,High School,Divorced,3,Metropolitan,Retired,Manufacturing,None,Social Good,Yes,Yes,One-time,Cash,Email,Yes,No,None,
Donor_310,130667,Businessperson,White,Urban,3322,36,Other,Bachelor's,Divorced,1,Metropolitan,Unemployed,Arts,Frequent,Tax Benefits,No,Yes,One-time,Check,Email,No,No,Republican,
Donor_311,157824,Writer,Hispanic,Rural,2114,71,Other,High School,Married,4,Urban,Employed,Healthcare,Occasional,Personal Belief,No,No,Monthly,Online,Phone,No,Yes,Republican,
Donor_312,90308,Scientist,Hispanic,Suburban,998,34,Other,Bachelor's,Married,4,Metropolitan,Self-Employed,Manufacturing,Frequent,Personal Belief,No,No,Annually,Cash,Phone,Yes,No,None,
Donor_313,82934,Businessperson,White,Rural,920,39,Male,PhD,Married,4,Suburban,Retired,Manufacturing,Occasional,Personal Belief,No,Yes,One-time,Cash,Mail,Yes,Yes,Republican,
Donor_314,78565,Lawyer,Mixed,Rural,803,32,Other,High School,Single,4,Suburban,Self-Employed,Arts,Occasional,Peer Influence,Yes,No,Annually,Check,Email,Yes,Yes,Independent,
Donor_315,51914,Scientist,Hispanic,Rural,316,32,Female,Master's,Widowed,4,Rural,Retired,Education,None,Tax Benefits,No,Yes,Monthly,Check,Email,Yes,Yes,None,
Donor_316,35694,Writer,White,Urban,496,63,Male,Master's,Widowed,3,Suburban,Employed,Education,Frequent,Social Good,No,No,Monthly,Online,Phone,Yes,Yes,None,
Donor_317,85734,Artist,White,Suburban,970,24,Male,PhD,Widowed,3,Urban,Self-Employed,Technology,Regular,Tax Benefits,No,No,Monthly,Cash,Email,Yes,No,Republican,
Donor_318,101627,Businessperson,Hispanic,Suburban,4805,24,Other,Master's,Single,1,Rural,Employed,Technology,Regular,Peer Influence,Yes,Yes,Annually,Check,Email,No,No,Independent,
Donor_319,92207,Businessperson,White,Rural,890,72,Other,Master's,Single,4,Metropolitan,Retired,Healthcare,None,Personal Belief,No,Yes,Monthly,Check,Email,No,Yes,None,
Donor_320,65511,Doctor,Asian,Rural,514,64,Other,Master's,Single,4,Metropolitan,Employed,Manufacturing,Occasional,Personal Belief,No,Yes,Annually,Cash,Phone,No,Yes,Democrat,
Donor_321,145832,Doctor,Asian,Urban,1515,33,Male,Bachelor's,Single,2,Rural,Employed,Healthcare,None,Personal Belief,No,Yes,Annually,Check,Phone,No,No,Democrat,
Donor_322,110325,Writer,White,Urban,1183,71,Female,Master's,Married,1,Urban,Unemployed,Arts,Regular,Tax Benefits,Yes,No,Monthly,Check,Phone,No,No,None,
Donor_323,102969,Teacher,Asian,Urban,2632,46,Female,Master's,Widowed,2,Urban,Retired,Education,None,Peer Influence,No,Yes,Monthly,Online,Phone,No,No,Independent,
Donor_324,110436,Businessperson,Asian,Rural,2308,53,Male,High School,Divorced,1,Metropolitan,Unemployed,Manufacturing,Regular,Personal Belief,Yes,Yes,Annually,Cash,Email,No,No,Republican,
Donor_325,99827,Doctor,White,Urban,859,56,Other,High School,Married,0,Urban,Employed,Education,None,Social Good,Yes,Yes,Monthly,Check,Mail,Yes,Yes,Independent,
Donor_326,52162,Engineer,Mixed,Suburban,569,77,Other,Bachelor's,Married,2,Urban,Self-Employed,Business,None,Social Good,No,Yes,Monthly,Check,Email,No,Yes,Republican,
Donor_327,89003,Engineer,White,Suburban,774,27,Female,PhD,Married,0,Rural,Retired,Manufacturing,Frequent,Personal Belief,No,No,Monthly,Check,Mail,No,No,Independent,
Donor_328,46566,Engineer,Other,Urban,643,34,Female,High School,Divorced,2,Suburban,Employed,Business,None,Tax Benefits,Yes,No,One-time,Check,Email,No,Yes,None,
Donor_329,54187,Writer,Other,Suburban,293,35,Male,PhD,Single,1,Suburban,Employed,Healthcare,Frequent,Peer Influence,Yes,Yes,Monthly,Cash,Mail,Yes,Yes,Independent,
Donor_330,81341,Writer,Mixed,Urban,843,61,Female,High School,Married,2,Rural,Self-Employed,Healthcare,Occasional,Personal Belief,No,Yes,Annually,Cash,Email,Yes,No,None,
Donor_331,37084,Doctor,Mixed,Suburban,281,58,Other,PhD,Single,2,Rural,Self-Employed,Arts,Occasional,Tax Benefits,No,No,Monthly,Online,Email,Yes,No,Republican,
Donor_332,69608,Teacher,Black,Rural,480,48,Female,High School,Widowed,0,Rural,Employed,Business,None,Peer Influence,No,Yes,Annually,Online,Mail,Yes,No,Democrat,
Donor_333,39146,Teacher,Asian,Suburban,419,30,Female,High School,Single,0,Suburban,Retired,Healthcare,None,Peer Influence,Yes,No,One-time,Cash,Phone,No,No,Independent,
Donor_334,71125,Artist,Mixed,Rural,423,57,Other,Master's,Widowed,3,Rural,Unemployed,Manufacturing,Frequent,Peer Influence,Yes,No,Annually,Cash,Phone,No,No,Republican,
Donor_335,195522,Artist,Mixed,Rural,2305,35,Other,Bachelor's,Single,4,Suburban,Retired,Technology,None,Social Good,No,No,Annually,Check,Phone,Yes,No,Democrat,
Donor_336,36698,Doctor,Hispanic,Suburban,606,66,Other,Master's,Widowed,3,Metropolitan,Self-Employed,Manufacturing,Frequent,Social Good,Yes,No,Annually,Online,Email,No,No,Democrat,
Donor_337,78426,Artist,Black,Rural,820,41,Other,Bachelor's,Widowed,2,Urban,Retired,Technology,Occasional,Tax Benefits,Yes,No,Monthly,Cash,Mail,Yes,Yes,None,
Donor_338,45837,Doctor,Black,Suburban,397,47,Male,Bachelor's,Divorced,1,Suburban,Employed,Education,Frequent,Social Good,Yes,No,Annually,Online,Phone,No,Yes,None,
Donor_339,84554,Writer,Hispanic,Rural,989,65,Other,Master's,Divorced,4,Metropolitan,Employed,Manufacturing,Regular,Peer Influence,No,No,One-time,Cash,Phone,Yes,No,Democrat,
Donor_340,146193,Writer,White,Rural,2675,54,Female,High School,Widowed,0,Suburban,Self-Employed,Healthcare,Frequent,Social Good,No,Yes,Monthly,Online,Mail,No,Yes,Democrat,
Donor_341,152525,Engineer,Hispanic,Rural,3185,43,Male,PhD,Divorced,4,Metropolitan,Retired,Manufacturing,None,Personal Belief,No,No,Monthly,Cash,Phone,Yes,Yes,Democrat,
Donor_342,80363,Doctor,Hispanic,Rural,907,47,Other,Master's,Single,3,Rural,Retired,Education,Regular,Personal Belief,No,No,Annually,Cash,Mail,Yes,Yes,Democrat,
Donor_343,147326,Teacher,Other,Suburban,3685,38,Male,PhD,Married,0,Urban,Employed,Arts,None,Social Good,No,No,Annually,Check,Phone,No,Yes,Republican,
Donor_344,124770,Engineer,Asian,Suburban,1961,54,Male,PhD,Married,1,Rural,Unemployed,Manufacturing,Occasional,Tax Benefits,No,Yes,One-time,Online,Email,Yes,No,Republican,
Donor_345,85320,Teacher,Mixed,Urban,792,72,Other,Bachelor's,Divorced,4,Suburban,Self-Employed,Technology,Frequent,Social Good,No,Yes,One-time,Cash,Mail,No,No,None,
Donor_346,44614,Businessperson,Asian,Suburban,465,45,Female,High School,Married,3,Suburban,Employed,Education,Frequent,Personal Belief,Yes,No,One-time,Check,Mail,Yes,Yes,Democrat,
Donor_347,123651,Engineer,Hispanic,Suburban,3401,61,Male,Master's,Married,4,Urban,Self-Employed,Arts,Regular,Personal Belief,No,Yes,Monthly,Cash,Mail,Yes,No,Independent,
Donor_348,91525,Writer,Asian,Suburban,795,63,Other,Bachelor's,Widowed,1,Suburban,Employed,Technology,Occasional,Tax Benefits,Yes,No,One-time,Check,Email,No,No,Democrat,
Donor_349,107325,Engineer,Black,Rural,4393,35,Female,High School,Widowed,4,Suburban,Unemployed,Healthcare,Regular,Peer Influence,Yes,Yes,Monthly,Cash,Email,No,No,Republican,
Donor_350,51554,Lawyer,Black,Rural,314,43,Female,Bachelor's,Single,1,Rural,Employed,Technology,Regular,Social Good,Yes,No,Annually,Cash,Mail,No,No,None,
Donor_351,162259,Teacher,Mixed,Rural,1444,66,Female,Master's,Single,3,Suburban,Employed,Technology,Occasional,Peer Influence,Yes,No,Annually,Cash,Email,Yes,Yes,None,
Donor_352,60738,Scientist,Hispanic,Rural,718,56,Male,PhD,Single,3,Rural,Unemployed,Technology,Occasional,Peer Influence,No,No,Monthly,Online,Mail,No,No,None,
Donor_353,131034,Doctor,White,Suburban,4072,27,Female,PhD,Single,0,Urban,Employed,Healthcare,Regular,Tax Benefits,No,Yes,Annually,Cash,Email,Yes,No,None,
Donor_354,79759,Doctor,Hispanic,Urban,790,51,Male,Master's,Widowed,4,Urban,Employed,Technology,Occasional,Social Good,Yes,Yes,One-time,Check,Phone,Yes,No,Independent,
Donor_355,166127,Engineer,White,Rural,1960,80,Male,Master's,Divorced,4,Suburban,Employed,Healthcare,Frequent,Tax Benefits,No,Yes,Annually,Check,Mail,Yes,No,Democrat,
Donor_356,172903,Lawyer,Hispanic,Urban,1470,39,Male,PhD,Married,3,Urban,Self-Employed,Healthcare,Regular,Peer Influence,Yes,No,One-time,Online,Email,Yes,No,None,
Donor_357,77921,Teacher,Other,Urban,990,20,Male,High School,Single,0,Rural,Self-Employed,Arts,None,Personal Belief,Yes,Yes,Annually,Cash,Phone,No,No,None,
Donor_358,68640,Businessperson,Mixed,Suburban,473,29,Female,PhD,Divorced,1,Urban,Self-Employed,Manufacturing,None,Personal Belief,No,No,Monthly,Check,Email,No,Yes,None,
Donor_359,177626,Teacher,White,Suburban,2626,50,Male,Master's,Widowed,0,Rural,Retired,Business,Frequent,Personal Belief,Yes,No,Monthly,Cash,Email,No,No,Republican,
Donor_360,83948,Doctor,White,Urban,759,34,Female,PhD,Widowed,1,Rural,Self-Employed,Education,Regular,Social Good,No,Yes,One-time,Check,Email,No,Yes,Democrat,
Donor_361,149784,Lawyer,Hispanic,Rural,4040,55,Male,PhD,Widowed,0,Rural,Retired,Arts,Occasional,Tax Benefits,No,Yes,Monthly,Check,Phone,Yes,Yes,Democrat,
Donor_362,55834,Doctor,Other,Urban,337,20,Female,High School,Divorced,4,Suburban,Unemployed,Manufacturing,Regular,Peer Influence,No,No,One-time,Cash,Mail,Yes,No,Independent,
Donor_363,173157,Businessperson,Asian,Urban,1697,35,Other,Bachelor's,Married,2,Metropolitan,Unemployed,Manufacturing,Regular,Tax Benefits,Yes,No,Annually,Cash,Mail,No,Yes,Independent,
Donor_364,51792,Artist,Black,Urban,314,71,Female,Bachelor's,Single,4,Metropolitan,Self-Employed,Healthcare,Regular,Personal Belief,Yes,No,One-time,Online,Email,No,Yes,Democrat,
Donor_365,34852,Artist,White,Rural,707,44,Other,Master's,Widowed,2,Urban,Self-Employed,Manufacturing,Frequent,Peer Influence,Yes,No,Monthly,Online,Email,Yes,Yes,Independent,
Donor_366,92943,Writer,White,Suburban,954,23,Male,High School,Widowed,0,Suburban,Retired,Technology,Occasional,Peer Influence,No,Yes,Monthly,Cash,Phone,No,Yes,None,
Donor_367,63349,Artist,White,Suburban,281,34,Female,PhD,Single,3,Metropolitan,Unemployed,Healthcare,Occasional,Personal Belief,No,No,Annually,Check,Email,No,Yes,Independent,
Donor_368,80259,Lawyer,Mixed,Rural,812,40,Other,Bachelor's,Married,4,Urban,Unemployed,Technology,Frequent,Tax Benefits,No,Yes,Annually,Online,Mail,Yes,No,None,
Donor_369,84073,Artist,Hispanic,Rural,830,53,Other,High School,Married,1,Suburban,Employed,Education,None,Social Good,No,Yes,Annually,Online,Phone,Yes,Yes,Democrat,
Donor_370,195787,Businessperson,Other,Rural,2787,53,Female,Bachelor's,Single,3,Rural,Unemployed,Healthcare,None,Personal Belief,Yes,No,Annually,Online,Mail,Yes,Yes,Republican,
Donor_371,103175,Businessperson,Black,Rural,3234,54,Male,Bachelor's,Married,1,Rural,Employed,Technology,Occasional,Tax Benefits,No,Yes,One-time,Cash,Mail,No,No,Democrat,
Donor_372,198552,Artist,Black,Urban,2645,80,Other,Bachelor's,Widowed,3,Rural,Employed,Arts,Occasional,Peer Influence,Yes,No,Annually,Cash,Mail,No,No,Democrat,
Donor_373,72920,Doctor,Asian,Rural,365,71,Female,PhD,Married,2,Suburban,Unemployed,Arts,Occasional,Social Good,Yes,Yes,Monthly,Check,Email,No,No,Independent,
Donor_374,97314,Artist,Asian,Suburban,942,76,Female,PhD,Single,2,Rural,Self-Employed,Technology,Regular,Personal Belief,No,Yes,Monthly,Online,Email,Yes,Yes,Democrat,
Donor_375,60593,Teacher,Black,Suburban,411,29,Other,Master's,Married,1,Rural,Employed,Business,None,Tax Benefits,Yes,Yes,One-time,Online,Email,No,Yes,Democrat,
Donor_376,109816,Doctor,Other,Urban,1754,51,Other,High School,Single,2,Rural,Self-Employed,Healthcare,Occasional,Social Good,Yes,Yes,Annually,Cash,Phone,No,No,Democrat,
Donor_377,64894,Doctor,White,Suburban,505,33,Other,Master's,Single,1,Metropolitan,Retired,Education,Frequent,Peer Influence,No,Yes,One-time,Cash,Phone,Yes,Yes,Republican,
Donor_378,94861,Writer,Black,Rural,966,24,Male,Master's,Divorced,4,Rural,Employed,Technology,Regular,Tax Benefits,Yes,No,Annually,Online,Mail,Yes,No,Republican,
Donor_379,167171,Engineer,Hispanic,Rural,4150,57,Male,Bachelor's,Single,3,Rural,Self-Employed,Education,None,Social Good,No,Yes,Annually,Online,Phone,No,No,Independent,
Donor_380,179324,Writer,Asian,Urban,1646,34,Male,Master's,Single,4,Urban,Self-Employed,Arts,None,Peer Influence,Yes,No,Annually,Check,Phone,Yes,Yes,Democrat,
Donor_381,55291,Engineer,Other,Rural,440,65,Other,PhD,Married,4,Suburban,Self-Employed,Arts,None,Tax Benefits,No,No,One-time,Cash,Mail,Yes,Yes,Republican,
Donor_382,176014,Artist,White,Rural,2093,55,Male,Bachelor's,Divorced,1,Suburban,Retired,Arts,Regular,Personal Belief,Yes,No,Annually,Online,Mail,Yes,Yes,None,
Donor_383,90013,Businessperson,White,Urban,967,27,Male,Master's,Single,1,Rural,Unemployed,Technology,Frequent,Personal Belief,Yes,Yes,One-time,Check,Phone,Yes,No,Democrat,
Donor_384,59720,Artist,Other,Urban,696,27,Male,Bachelor's,Divorced,3,Rural,Unemployed,Manufacturing,Occasional,Social Good,No,No,One-time,Online,Phone,No,Yes,None,
Donor_385,194635,Doctor,Asian,Suburban,2263,27,Other,Master's,Single,1,Metropolitan,Self-Employed,Education,Frequent,Tax Benefits,No,Yes,Annually,Cash,Phone,Yes,Yes,None,
Donor_386,165062,Doctor,Other,Urban,1963,66,Male,PhD,Single,3,Urban,Self-Employed,Education,Regular,Personal Belief,No,Yes,Annually,Online,Email,Yes,No,Independent,
Donor_387,49738,Doctor,Hispanic,Rural,682,32,Male,PhD,Divorced,1,Suburban,Self-Employed,Technology,Regular,Social Good,No,Yes,Annually,Cash,Phone,Yes,Yes,None,
Donor_388,96135,Lawyer,Black,Rural,926,68,Male,PhD,Divorced,0,Urban,Unemployed,Manufacturing,Regular,Tax Benefits,No,Yes,Annually,Check,Mail,No,Yes,Democrat,
Donor_389,67421,Businessperson,Hispanic,Urban,493,75,Male,Master's,Divorced,1,Urban,Self-Employed,Manufacturing,Regular,Personal Belief,No,Yes,Annually,Online,Email,No,Yes,Democrat,
Donor_390,96677,Writer,Mixed,Rural,959,67,Male,High School,Widowed,1,Urban,Self-Employed,Education,Frequent,Personal Belief,Yes,No,One-time,Online,Phone,No,Yes,Democrat,
Donor_391,140350,Lawyer,White,Urban,4746,80,Other,Master's,Widowed,4,Rural,Employed,Arts,Regular,Social Good,Yes,Yes,Monthly,Check,Email,No,No,Democrat,
Donor_392,175411,Artist,Hispanic,Rural,2399,76,Other,PhD,Widowed,2,Urban,Unemployed,Business,None,Tax Benefits,Yes,Yes,Monthly,Check,Email,No,Yes,Independent,
Donor_393,130412,Artist,Hispanic,Rural,3502,39,Other,High School,Widowed,0,Suburban,Self-Employed,Technology,Regular,Peer Influence,No,No,Annually,Check,Phone,No,No,None,
Donor_394,44616,Doctor,Hispanic,Suburban,601,34,Male,Bachelor's,Divorced,2,Urban,Unemployed,Manufacturing,Regular,Social Good,Yes,Yes,Monthly,Online,Email,Yes,No,Independent,
Donor_395,59788,Lawyer,Mixed,Rural,527,77,Male,High School,Single,4,Suburban,Employed,Business,Frequent,Personal Belief,Yes,No,One-time,Online,Mail,No,No,Republican,
Donor_396,73524,Artist,Asian,Suburban,388,42,Male,Bachelor's,Single,1,Rural,Employed,Arts,Frequent,Peer Influence,Yes,No,One-time,Cash,Phone,Yes,No,Republican,
Donor_397,74728,Lawyer,Other,Rural,301,25,Female,Bachelor's,Widowed,1,Urban,Employed,Arts,Regular,Personal Belief,No,No,Annually,Check,Email,Yes,No,Independent,
Donor_398,63261,Engineer,Black,Rural,486,46,Male,High School,Single,2,Urban,Retired,Manufacturing,Occasional,Peer Influence,No,No,Annually,Cash,Phone,No,Yes,Republican,
Donor_399,172515,Doctor,Asian,Suburban,2619,48,Female,Bachelor's,Divorced,3,Suburban,Employed,Healthcare,None,Social Good,No,No,One-time,Cash,Email,No,Yes,None,
Donor_400,83626,Lawyer,Other,Urban,947,42,Male,PhD,Married,3,Metropolitan,Retired,Manufacturing,Occasional,Social Good,No,Yes,Annually,Check,Phone,No,No,Republican,
Donor_401,130915,Lawyer,Hispanic,Rural,2219,73,Male,Bachelor's,Divorced,4,Metropolitan,Employed,Education,Frequent,Personal Belief,Yes,No,Annually,Check,Phone,No,No,Democrat,
Donor_402,62263,Writer,Mixed,Rural,551,43,Other,Bachelor's,Single,4,Urban,Retired,Healthcare,None,Peer Influence,No,No,Monthly,Cash,Email,Yes,Yes,Independent,
Donor_403,77947,Teacher,Asian,Urban,894,70,Male,High School,Divorced,3,Urban,Self-Employed,Education,Regular,Personal Belief,Yes,No,One-time,Cash,Email,No,Yes,None,
Donor_404,144006,Artist,Asian,Suburban,1065,28,Male,Master's,Married,3,Metropolitan,Self-Employed,Manufacturing,None,Personal Belief,Yes,Yes,Annually,Cash,Phone,Yes,No,None,
Donor_405,77923,Writer,White,Rural,890,70,Other,Bachelor's,Widowed,2,Rural,Employed,Arts,None,Tax Benefits,Yes,No,Monthly,Cash,Email,No,No,Republican,
Donor_406,50601,Lawyer,Mixed,Urban,489,46,Other,Master's,Single,2,Suburban,Self-Employed,Technology,Regular,Personal Belief,No,Yes,Monthly,Online,Mail,No,No,None,
Donor_407,155242,Businessperson,Hispanic,Rural,3455,54,Other,High School,Married,2,Suburban,Unemployed,Education,Frequent,Tax Benefits,Yes,No,One-time,Cash,Mail,Yes,No,Independent,
Donor_408,80511,Doctor,Black,Suburban,877,64,Other,PhD,Single,0,Rural,Self-Employed,Business,Occasional,Tax Benefits,Yes,No,One-time,Check,Phone,Yes,Yes,Republican,
Donor_409,29222,Scientist,Hispanic,Suburban,257,53,Female,High School,Married,0,Urban,Retired,Arts,Regular,Tax Benefits,No,No,Monthly,Online,Email,No,No,Republican,
Donor_410,126942,Lawyer,Mixed,Suburban,4106,74,Female,Master's,Divorced,1,Suburban,Self-Employed,Manufacturing,Occasional,Personal Belief,No,Yes,One-time,Cash,Email,No,Yes,Independent,
Donor_411,85283,Scientist,White,Urban,866,39,Male,High School,Divorced,1,Suburban,Retired,Business,Frequent,Personal Belief,No,No,Annually,Check,Phone,No,No,Independent,
Donor_412,181984,Lawyer,Asian,Urban,4052,45,Male,High School,Widowed,4,Urban,Self-Employed,Arts,None,Social Good,Yes,No,Annually,Online,Phone,Yes,Yes,Independent,
Donor_413,59531,Lawyer,White,Urban,517,63,Other,High School,Widowed,2,Suburban,Retired,Education,None,Personal Belief,Yes,No,One-time,Cash,Mail,Yes,Yes,Independent,
Donor_414,28280,Teacher,Black,Rural,428,35,Female,Bachelor's,Widowed,3,Urban,Retired,Business,Occasional,Social Good,Yes,No,Monthly,Check,Phone,No,Yes,Independent,
Donor_415,52922,Doctor,White,Suburban,288,70,Female,Master's,Single,2,Rural,Self-Employed,Healthcare,None,Personal Belief,No,Yes,Monthly,Cash,Mail,Yes,No,Republican,
Donor_416,62703,Teacher,Hispanic,Rural,254,61,Other,Master's,Single,3,Suburban,Retired,Business,Occasional,Social Good,Yes,Yes,Annually,Cash,Email,No,Yes,Independent,
Donor_417,150326,Engineer,Hispanic,Suburban,4372,23,Male,High School,Widowed,0,Suburban,Self-Employed,Technology,Frequent,Peer Influence,No,Yes,One-time,Cash,Phone,No,No,Independent,
Donor_418,34005,Lawyer,Black,Urban,296,48,Female,Master's,Single,1,Suburban,Employed,Business,Frequent,Personal Belief,Yes,Yes,Annually,Cash,Mail,No,No,None,
Donor_419,89558,Engineer,Asian,Urban,844,65,Female,Master's,Divorced,0,Suburban,Unemployed,Healthcare,None,Peer Influence,Yes,Yes,Annually,Check,Email,No,No,Republican,
Donor_420,76171,Doctor,White,Suburban,875,44,Male,Master's,Widowed,4,Suburban,Self-Employed,Healthcare,Occasional,Social Good,Yes,No,Annually,Check,Phone,No,No,None,
Donor_421,52970,Doctor,Asian,Suburban,474,36,Female,Bachelor's,Single,2,Metropolitan,Retired,Healthcare,Frequent,Peer Influence,No,No,Monthly,Check,Phone,Yes,No,None,
Donor_422,155377,Artist,Other,Rural,2806,63,Male,Bachelor's,Widowed,3,Urban,Self-Employed,Education,None,Peer Influence,Yes,No,One-time,Online,Email,No,Yes,None,
Donor_423,99817,Lawyer,Hispanic,Rural,903,72,Female,Master's,Divorced,0,Urban,Employed,Technology,Occasional,Personal Belief,No,No,Monthly,Check,Mail,No,No,Democrat,
Donor_424,81915,Artist,White,Rural,965,20,Male,Master's,Single,0,Suburban,Retired,Arts,None,Peer Influence,No,No,One-time,Check,Email,Yes,No,Democrat,
Donor_425,58723,Scientist,White,Urban,730,49,Male,High School,Widowed,2,Rural,Retired,Business,None,Peer Influence,No,No,Monthly,Cash,Mail,No,No,Republican,
Donor_426,55950,Teacher,Other,Suburban,620,61,Other,Bachelor's,Widowed,1,Metropolitan,Self-Employed,Technology,Regular,Personal Belief,Yes,No,Annually,Check,Email,No,Yes,None,
Donor_427,117080,Artist,Asian,Rural,1792,67,Female,Master's,Widowed,2,Metropolitan,Self-Employed,Business,Occasional,Personal Belief,Yes,Yes,Monthly,Online,Mail,Yes,Yes,None,
Donor_428,91572,Doctor,Other,Rural,847,27,Female,Bachelor's,Single,2,Suburban,Employed,Technology,Regular,Personal Belief,Yes,Yes,Annually,Check,Phone,Yes,No,Republican,
Donor_429,149538,Teacher,Other,Rural,3564,41,Other,Master's,Single,2,Urban,Self-Employed,Education,Regular,Personal Belief,No,No,Monthly,Online,Mail,Yes,Yes,Democrat,
Donor_430,183431,Doctor,White,Urban,1862,53,Female,PhD,Married,3,Suburban,Self-Employed,Manufacturing,Occasional,Personal Belief,Yes,No,One-time,Online,Phone,Yes,No,Independent,
Donor_431,182899,Doctor,Black,Urban,2464,56,Female,Master's,Widowed,4,Rural,Employed,Manufacturing,Frequent,Peer Influence,No,Yes,One-time,Online,Email,Yes,Yes,Independent,
Donor_432,84545,Businessperson,White,Suburban,945,37,Other,PhD,Widowed,0,Suburban,Retired,Arts,None,Social Good,Yes,No,Monthly,Online,Phone,No,No,Republican,
Donor_433,178808,Engineer,Black,Urban,4764,44,Other,Master's,Married,1,Urban,Retired,Manufacturing,Regular,Peer Influence,Yes,Yes,Annually,Online,Email,No,No,Democrat,
Donor_434,87693,Scientist,Other,Rural,856,26,Male,Master's,Married,3,Metropolitan,Retired,Business,Regular,Personal Belief,Yes,Yes,Monthly,Online,Phone,No,No,Republican,
Donor_435,113726,Scientist,Hispanic,Urban,1774,22,Male,High School,Divorced,4,Urban,Unemployed,Healthcare,Occasional,Tax Benefits,No,Yes,One-time,Cash,Mail,Yes,No,Democrat,
Donor_436,75106,Writer,White,Rural,832,70,Male,High School,Married,1,Rural,Retired,Education,Regular,Personal Belief,No,Yes,Annually,Online,Mail,Yes,No,None,
Donor_437,136159,Lawyer,White,Rural,1677,50,Other,High School,Married,2,Metropolitan,Retired,Manufacturing,Occasional,Social Good,No,No,Annually,Cash,Mail,Yes,Yes,Republican,
Donor_438,188910,Artist,White,Suburban,4085,25,Female,PhD,Divorced,3,Suburban,Self-Employed,Technology,Occasional,Personal Belief,Yes,Yes,One-time,Online,Mail,No,No,Republican,
Donor_439,86126,Businessperson,Black,Urban,913,29,Male,PhD,Married,2,Urban,Self-Employed,Business,Regular,Personal Belief,Yes,No,Annually,Online,Phone,No,Yes,Republican,
Donor_440,34662,Scientist,Hispanic,Urban,684,50,Female,High School,Married,2,Rural,Unemployed,Technology,Regular,Social Good,No,Yes,Monthly,Online,Mail,Yes,No,Democrat,
Donor_441,36298,Teacher,Mixed,Suburban,684,78,Other,Master's,Divorced,1,Urban,Retired,Technology,Regular,Peer Influence,Yes,Yes,Annually,Cash,Mail,No,Yes,None,
Donor_442,82043,Lawyer,Hispanic,Suburban,875,30,Other,Bachelor's,Married,2,Suburban,Self-Employed,Business,Frequent,Social Good,Yes,Yes,Monthly,Cash,Phone,No,Yes,Republican,
Donor_443,76740,Teacher,Mixed,Suburban,774,54,Female,Bachelor's,Single,1,Metropolitan,Unemployed,Technology,Occasional,Social Good,Yes,Yes,Annually,Online,Email,No,Yes,None,
Donor_444,95394,Engineer,Asian,Urban,969,23,Female,Bachelor's,Divorced,1,Suburban,Unemployed,Education,None,Personal Belief,No,No,Annually,Online,Phone,Yes,Yes,None,
Donor_445,114724,Lawyer,Hispanic,Rural,3877,27,Other,Master's,Widowed,0,Urban,Retired,Business,None,Peer Influence,Yes,Yes,One-time,Cash,Phone,No,No,Independent,
Donor_446,52851,Teacher,Asian,Suburban,510,62,Female,Master's,Widowed,2,Metropolitan,Self-Employed,Technology,Regular,Personal Belief,No,No,Monthly,Cash,Email,No,Yes,Republican,
Donor_447,115909,Teacher,Mixed,Suburban,3648,64,Male,PhD,Divorced,4,Rural,Retired,Healthcare,Occasional,Social Good,No,No,Monthly,Online,Mail,No,Yes,Republican,
Donor_448,112850,Scientist,Black,Suburban,4170,61,Male,Bachelor's,Widowed,4,Rural,Employed,Healthcare,Regular,Peer Influence,Yes,No,Monthly,Check,Mail,Yes,Yes,Democrat,
Donor_449,51465,Lawyer,Black,Rural,326,60,Female,Bachelor's,Single,2,Metropolitan,Unemployed,Business,Regular,Peer Influence,Yes,Yes,Monthly,Check,Email,No,Yes,Independent,
Donor_450,161041,Artist,Black,Rural,2910,76,Male,Master's,Married,3,Urban,Self-Employed,Business,Frequent,Social Good,No,No,One-time,Cash,Mail,Yes,Yes,Republican,
Donor_451,163761,Teacher,Mixed,Suburban,2582,80,Other,High School,Divorced,1,Suburban,Employed,Healthcare,Occasional,Tax Benefits,Yes,No,Monthly,Cash,Mail,No,Yes,Republican,
Donor_452,61609,Scientist,Asian,Rural,271,32,Other,Bachelor's,Married,3,Metropolitan,Unemployed,Education,Occasional,Peer Influence,Yes,No,Annually,Check,Mail,Yes,Yes,None,
Donor_453,99571,Doctor,Mixed,Urban,825,58,Other,High School,Single,2,Rural,Retired,Education,Regular,Social Good,Yes,No,One-time,Cash,Email,Yes,Yes,Independent,
Donor_454,95843,Scientist,Asian,Urban,951,51,Other,High School,Divorced,2,Rural,Retired,Education,Regular,Tax Benefits,Yes,Yes,Monthly,Online,Email,No,No,None,
Donor_455,142552,Lawyer,Other,Suburban,4526,27,Male,Bachelor's,Married,3,Rural,Retired,Technology,None,Tax Benefits,Yes,No,Monthly,Cash,Mail,No,No,Independent,
Donor_456,82189,Artist,Hispanic,Urban,939,48,Female,PhD,Divorced,4,Metropolitan,Unemployed,Manufacturing,Regular,Tax Benefits,No,No,One-time,Cash,Email,No,Yes,Independent,
Donor_457,83107,Teacher,Asian,Rural,908,60,Male,Bachelor's,Widowed,4,Urban,Retired,Technology,None,Social Good,Yes,No,Annually,Cash,Mail,No,Yes,Republican,
Donor_458,120352,Businessperson,Black,Rural,4758,38,Female,Bachelor's,Divorced,4,Suburban,Employed,Technology,Frequent,Personal Belief,No,No,Annually,Check,Email,Yes,No,None,
Donor_459,57489,Writer,Asian,Urban,361,40,Female,PhD,Divorced,3,Suburban,Retired,Healthcare,Occasional,Tax Benefits,Yes,No,One-time,Cash,Mail,No,No,Republican,
Donor_460,35767,Artist,Black,Suburban,435,57,Female,Master's,Married,2,Rural,Retired,Arts,Regular,Personal Belief,Yes,Yes,One-time,Cash,Email,Yes,Yes,Republican,
Donor_461,51944,Doctor,Mixed,Rural,383,63,Male,Master's,Divorced,3,Rural,Unemployed,Education,None,Tax Benefits,Yes,No,Annually,Check,Email,No,Yes,Independent,
Donor_462,127292,Doctor,Black,Suburban,2241,30,Male,Bachelor's,Married,3,Metropolitan,Self-Employed,Education,Frequent,Social Good,No,Yes,One-time,Cash,Phone,No,No,Independent,
Donor_463,195730,Artist,Black,Urban,4186,77,Male,Master's,Married,2,Metropolitan,Unemployed,Manufacturing,Occasional,Tax Benefits,No,No,Annually,Cash,Phone,No,Yes,Republican,
Donor_464,79078,Artist,Mixed,Rural,774,21,Male,High School,Single,2,Metropolitan,Self-Employed,Technology,Frequent,Peer Influence,No,No,One-time,Cash,Email,No,Yes,Republican,
Donor_465,90142,Lawyer,Hispanic,Rural,853,58,Female,High School,Widowed,0,Urban,Employed,Business,Frequent,Peer Influence,Yes,Yes,One-time,Online,Email,Yes,No,Independent,
Donor_466,99235,Doctor,Other,Rural,751,20,Female,High School,Married,0,Rural,Employed,Business,None,Social Good,Yes,No,Annually,Online,Email,No,Yes,Independent,
Donor_467,72565,Lawyer,Other,Urban,678,55,Male,Master's,Divorced,4,Metropolitan,Employed,Manufacturing,Frequent,Tax Benefits,Yes,No,Monthly,Check,Phone,No,No,Independent,
Donor_468,119364,Lawyer,Black,Rural,3103,52,Male,High School,Single,0,Metropolitan,Unemployed,Arts,Frequent,Personal Belief,No,Yes,Annually,Cash,Phone,Yes,Yes,Democrat,
Donor_469,106567,Writer,White,Rural,3066,30,Female,Master's,Married,4,Metropolitan,Employed,Technology,None,Personal Belief,Yes,No,Annually,Check,Email,No,No,Democrat,
Donor_470,64611,Engineer,Asian,Rural,689,72,Other,Master's,Divorced,0,Rural,Self-Employed,Manufacturing,Occasional,Tax Benefits,Yes,No,Annually,Check,Mail,No,Yes,Independent,
Donor_471,90169,Businessperson,Black,Suburban,935,54,Male,PhD,Divorced,3,Rural,Retired,Manufacturing,Regular,Peer Influence,No,Yes,Monthly,Online,Phone,No,No,Republican,
Donor_472,90584,Artist,Black,Urban,996,33,Male,High School,Divorced,2,Urban,Unemployed,Education,Frequent,Social Good,No,Yes,One-time,Online,Mail,No,Yes,Republican,
Donor_473,181535,Lawyer,Mixed,Rural,4967,68,Female,High School,Divorced,2,Metropolitan,Self-Employed,Business,None,Tax Benefits,No,Yes,Monthly,Check,Mail,No,No,None,
Donor_474,192613,Scientist,Black,Rural,4142,41,Male,PhD,Divorced,4,Metropolitan,Retired,Education,None,Tax Benefits,No,No,One-time,Online,Email,No,Yes,Democrat,
Donor_475,77950,Writer,White,Rural,813,25,Male,Bachelor's,Divorced,3,Suburban,Self-Employed,Business,Occasional,Tax Benefits,Yes,Yes,Monthly,Cash,Phone,Yes,Yes,Republican,
Donor_476,81489,Teacher,Black,Urban,870,23,Male,Bachelor's,Widowed,2,Urban,Unemployed,Technology,Occasional,Personal Belief,No,No,One-time,Online,Phone,Yes,No,Independent,
Donor_477,88005,Artist,White,Suburban,805,52,Other,Bachelor's,Married,0,Rural,Retired,Healthcare,Regular,Social Good,Yes,No,Monthly,Online,Phone,Yes,No,Republican,
Donor_478,96488,Writer,Other,Suburban,771,68,Male,PhD,Divorced,1,Suburban,Retired,Business,Frequent,Social Good,Yes,No,Monthly,Check,Mail,No,Yes,None,
Donor_479,75649,Writer,Mixed,Rural,897,54,Other,Bachelor's,Widowed,3,Rural,Unemployed,Manufacturing,Regular,Personal Belief,Yes,Yes,One-time,Cash,Phone,Yes,No,Democrat,
Donor_480,82216,Businessperson,Mixed,Suburban,804,36,Male,Master's,Married,3,Rural,Self-Employed,Manufacturing,Frequent,Personal Belief,Yes,No,Monthly,Online,Phone,No,Yes,Independent,
Donor_481,29451,Businessperson,Other,Urban,624,39,Male,Master's,Married,1,Rural,Retired,Arts,Occasional,Peer Influence,Yes,Yes,One-time,Check,Phone,No,Yes,Republican,
Donor_482,87432,Lawyer,Other,Rural,830,78,Male,Master's,Single,3,Rural,Self-Employed,Technology,Occasional,Peer Influence,Yes,No,Annually,Check,Phone,Yes,Yes,Democrat,
Donor_483,118091,Writer,Other,Suburban,2125,64,Male,Master's,Married,4,Urban,Retired,Arts,Occasional,Tax Benefits,No,Yes,One-time,Online,Email,No,Yes,Republican,
Donor_484,177266,Writer,White,Rural,2226,69,Other,High School,Single,0,Rural,Employed,Technology,Frequent,Personal Belief,Yes,No,One-time,Cash,Phone,No,Yes,Republican,
Donor_485,74696,Businessperson,Black,Suburban,568,58,Other,PhD,Widowed,3,Urban,Retired,Business,Frequent,Social Good,Yes,Yes,One-time,Check,Phone,No,Yes,None,
Donor_486,146023,Writer,Other,Rural,2857,67,Male,Bachelor's,Married,4,Urban,Unemployed,Healthcare,Frequent,Peer Influence,No,No,Annually,Online,Mail,Yes,No,Independent,
Donor_487,25513,Businessperson,Asian,Urban,379,67,Male,Bachelor's,Single,4,Urban,Self-Employed,Business,Regular,Peer Influence,No,No,Annually,Check,Email,No,Yes,Democrat,
Donor_488,123480,Lawyer,Mixed,Suburban,2423,74,Other,Bachelor's,Divorced,0,Rural,Employed,Technology,Regular,Personal Belief,Yes,No,One-time,Cash,Email,No,No,Independent,
Donor_489,80383,Businessperson,Hispanic,Urban,942,56,Other,PhD,Widowed,4,Urban,Unemployed,Manufacturing,None,Social Good,Yes,No,One-time,Online,Mail,No,No,None,
Donor_490,115693,Businessperson,Mixed,Rural,2018,20,Female,Master's,Widowed,0,Suburban,Self-Employed,Education,None,Peer Influence,No,Yes,Monthly,Online,Phone,Yes,Yes,Republican,
Donor_491,190262,Doctor,Black,Suburban,3759,35,Male,High School,Divorced,2,Suburban,Self-Employed,Education,Frequent,Peer Influence,No,Yes,Annually,Online,Email,No,No,None,
Donor_492,174067,Writer,White,Suburban,1507,44,Other,Master's,Married,2,Urban,Unemployed,Technology,Regular,Tax Benefits,No,No,One-time,Cash,Mail,No,No,Republican,
Donor_493,64354,Lawyer,Other,Rural,522,40,Female,Master's,Widowed,0,Rural,Unemployed,Healthcare,Frequent,Tax Benefits,Yes,No,One-time,Cash,Email,Yes,No,None,
Donor_494,91844,Teacher,Asian,Suburban,846,62,Other,High School,Divorced,2,Urban,Unemployed,Business,Frequent,Tax Benefits,Yes,No,Annually,Online,Email,Yes,Yes,Democrat,
Donor_495,41881,Engineer,White,Urban,269,48,Male,PhD,Widowed,3,Rural,Employed,Education,None,Social Good,No,Yes,Monthly,Check,Mail,No,Yes,Republican,
Donor_496,122391,Lawyer,Black,Rural,1392,80,Female,Master's,Divorced,1,Rural,Unemployed,Business,Regular,Peer Influence,No,No,Monthly,Check,Phone,No,Yes,Independent,
Donor_497,68062,Teacher,Asian,Urban,255,45,Other,Master's,Single,4,Metropolitan,Self-Employed,Business,Regular,Peer Influence,No,Yes,Monthly,Check,Mail,Yes,Yes,Independent,
Donor_498,45566,Scientist,Hispanic,Rural,400,25,Other,Master's,Single,1,Suburban,Self-Employed,Arts,None,Peer Influence,Yes,No,One-time,Check,Phone,Yes,Yes,Independent,
Donor_499,91990,Teacher,Other,Urban,958,25,Male,High School,Single,2,Urban,Unemployed,Education,Occasional,Personal Belief,No,No,Annually,Cash,Email,No,Yes,Democrat,
Donor_500,86139,Engineer,Hispanic,Rural,919,23,Other,Bachelor's,Widowed,3,Suburban,Unemployed,Business,Frequent,Peer Influence,Yes,No,Annually,Check,Mail,No,Yes,None,
